transaction_id,transaction_date,market,state,product,category,quantity,unit_price,total_amount,vendor
TXN0001,2024/01/24,Balogun,Lagos,Rice 50kg,Grains,5.0,78006.0,390030.0,Alhaji Musa
TXN0002,2024/01/17,Bodija,Oyo,Rice 50kg,Grains,1.0,76767.0,76767.0, Mama Ngozi
TXN0003,,Bodija,Oyo,Beans brown,Grains,10.0,7127.0,71270.0, Mama Ngozi
TXN0004,2024-01-25,Bodija,Oyo,Garri white,Grains,5.0,2673.0,13365.0, Mr Ade
TXN0005,2024/01/02,Balogun,Lagos,Garri white,Grains,5.0,6345.0,31725.0,Alhaji Musa
TXN0006,20/01/2024,Bodija,Oyo,Rice 50KG,Grains,,80401.0,, Mama Ngozi
TXN0007,2024-01-28,Balogun,Lagos,Rice 50kg,Grains,2.0,78370.0,156740.0, Mr Ade
TXN0008,2024/01/07,Ogbete,Enugu,Palm Oil 25l,Oil,5.0,34832.0,174160.0,Alhaji Musa
TXN0009,2024/01/30,Wuse,Abuja,Beans brown,Grains,2.0,6086.0,12172.0, Mama Ngozi
TXN0010,2024-01-13,Ogbete,Enugu,Rice 50kg,Grains,2.0,76262.0,152524.0,Mrs Okeke
TXN0011,2024/01/05,Wuse,Abuja,Palm Oil 25l,Oil,10.0,37258.0,372580.0,Mrs Okeke
TXN0012,2024-01-05,Bodija,Oyo,Palm Oil 25L,Oil,5.0,35796.0,178980.0,Alhaji Musa
TXN0013,13/01/2024,Balogun,Lagos,Beans Brown,Grains,2.0,5658.0,11316.0,Mrs Okeke
TXN0014,11/01/2024,Balogun,Lagos,Rice 50KG,Grains,,80185.0,, Mama Ngozi
TXN0015,2024/01/17,Bodija,Oyo,Rice 50kg,Grains,5.0,80100.0,400500.0,Mrs Okeke
TXN0016,2024-01-25,Wuse,Abuja,Beans Brown,Grains,5.0,3523.0,17615.0,Mrs Okeke
TXN0017,2024-01-27,Bodija,Oyo,Rice 50kg,Grains,1.0,78973.0,78973.0,Alhaji Musa
TXN0018,2024-01-25,Wuse,Abuja,Rice 50KG,Grains,1.0,81981.0,81981.0, Mama Ngozi
TXN0019,2024/01/14,Bodija,Oyo,Beans Brown,Grains,5.0,6522.0,32610.0, Mama Ngozi
TXN0020,2024-01-15,Ogbete,Enugu,Palm Oil 25L,Oil,5.0,37588.0,187940.0,Alhaji Musa
TXN0021,,Ogbete,Enugu,Rice 50kg,Grains,,80537.0,,Alhaji Musa
TXN0022,08/01/2024,Wuse,Abuja,Rice 50KG,Grains,1.0,,, Mama Ngozi
TXN0023,,Wuse,Abuja,Palm Oil 25l,Oil,2.0,37374.0,74748.0, Mr Ade
TXN0024,2024/01/02,Ogbete,Enugu,Palm Oil 25L,Oil,10.0,37825.0,378250.0,Alhaji Musa
TXN0025,2024-01-07,Balogun,Lagos,Palm Oil 25L,Oil,5.0,34895.0,174475.0, Mr Ade
TXN0026,2024/01/03,Wuse,Abuja,Garri White,Grains,10.0,3546.0,35460.0,Alhaji Musa
TXN0027,16/01/2024,Balogun,Lagos,Rice 50kg,Grains,1.0,77936.0,77936.0,Alhaji Musa
TXN0028,26/01/2024,Wuse,Abuja,Palm Oil 25L,Oil,1.0,37198.0,37198.0, Mr Ade
TXN0029,2024/01/02,Bodija,Oyo,Beans Brown,Grains,2.0,4630.0,9260.0,Alhaji Musa
TXN0030,2024-01-30,Ogbete,Enugu,Rice 50kg,Grains,1.0,80785.0,80785.0,Alhaji Musa
TXN0031,2024-01-28,Balogun,Lagos,Beans Brown,Grains,1.0,,, Mama Ngozi
TXN0032,2024-01-11,Balogun,Lagos,Rice 50KG,Grains,10.0,82781.0,827810.0,Mrs Okeke
TXN0033,2024-01-10,Wuse,Abuja,Garri White,Grains,10.0,2572.0,25720.0,Alhaji Musa
TXN0034,09/01/2024,Bodija,Oyo,Rice 50KG,Grains,1.0,82404.0,82404.0,Alhaji Musa
TXN0035,2024/01/18,Wuse,Abuja,Garri white,Grains,5.0,2692.0,13460.0,Alhaji Musa
TXN0036,2024-01-04,Ogbete,Enugu,Rice 50KG,Grains,2.0,80166.0,160332.0,Mrs Okeke
TXN0037,28/01/2024,Ogbete,Enugu,Beans brown,Grains,5.0,3967.0,19835.0,Mrs Okeke
TXN0038,2024/01/11,Balogun,Lagos,Rice 50KG,Grains,10.0,,,Mrs Okeke
TXN0039,,Wuse,Abuja,Palm Oil 25l,Oil,,37003.0,, Mama Ngozi
TXN0040,,Balogun,Lagos,Garri white,Grains,,5926.0,,Mrs Okeke
TXN0041,12/01/2024,Balogun,Lagos,Garri white,Grains,2.0,3444.0,6888.0, Mama Ngozi
TXN0042,24/01/2024,Wuse,Abuja,Beans Brown,Grains,2.0,,, Mama Ngozi
TXN0043,2024-01-28,Ogbete,Enugu,Beans Brown,Grains,1.0,5333.0,5333.0, Mr Ade
TXN0044,07/01/2024,Ogbete,Enugu,Garri White,Grains,2.0,,,Alhaji Musa
TXN0045,2024-01-27,Ogbete,Enugu,Garri white,Grains,,4674.0,,Alhaji Musa
TXN0046,2024/01/20,Ogbete,Enugu,Beans Brown,Grains,,,,Mrs Okeke
TXN0047,2024-01-02,Bodija,Oyo,Rice 50KG,Grains,10.0,82723.0,827230.0, Mama Ngozi
TXN0048,2024/01/22,Ogbete,Enugu,Palm Oil 25L,Oil,1.0,36704.0,36704.0,Mrs Okeke
TXN0049,18/01/2024,Ogbete,Enugu,Palm Oil 25L,Oil,5.0,37296.0,186480.0, Mr Ade
TXN0050,10/01/2024,Wuse,Abuja,Garri White,Grains,10.0,5988.0,59880.0,Mrs Okeke
TXN0051,2024/01/26,Bodija,Oyo,Palm Oil 25l,Oil,10.0,35250.0,352500.0, Mama Ngozi
TXN0052,2024/01/31,Balogun,Lagos,Garri White,Grains,,4245.0,,Mrs Okeke
TXN0053,2024-01-16,Wuse,Abuja,Beans brown,Grains,2.0,,, Mr Ade
TXN0054,2024-01-05,Bodija,Oyo,Beans brown,Grains,10.0,6349.0,63490.0,Alhaji Musa
TXN0055,2024-01-18,Bodija,Oyo,Beans brown,Grains,2.0,6543.0,13086.0, Mr Ade
TXN0056,31/01/2024,Wuse,Abuja,Palm Oil 25l,Oil,,38078.0,, Mr Ade
TXN0057,08/01/2024,Bodija,Oyo,Beans Brown,Grains,10.0,5886.0,58860.0, Mr Ade
TXN0058,08/01/2024,Wuse,Abuja,Garri White,Grains,10.0,2134.0,21340.0,Alhaji Musa
TXN0059,23/01/2024,Wuse,Abuja,Beans Brown,Grains,2.0,5337.0,10674.0, Mr Ade
TXN0060,2024/01/14,Ogbete,Enugu,Palm Oil 25l,Oil,10.0,34010.0,340100.0,Alhaji Musa
TXN0061,13/01/2024,Bodija,Oyo,Palm Oil 25l,Oil,1.0,36381.0,36381.0, Mama Ngozi
TXN0062,2024/01/13,Bodija,Oyo,Beans brown,Grains,5.0,5870.0,29350.0, Mr Ade
TXN0063,2024/01/13,Wuse,Abuja,Palm Oil 25l,Oil,2.0,,,Alhaji Musa
TXN0064,2024-01-09,Balogun,Lagos,Palm Oil 25L,Oil,2.0,37782.0,75564.0, Mr Ade
TXN0065,2024-01-27,Ogbete,Enugu,Garri white,Grains,10.0,3679.0,36790.0, Mr Ade
TXN0066,2024-01-25,Balogun,Lagos,Rice 50kg,Grains,5.0,77836.0,389180.0,Alhaji Musa
TXN0067,2024/01/16,Wuse,Abuja,Beans brown,Grains,1.0,3548.0,3548.0, Mama Ngozi
TXN0068,2024-01-31,Bodija,Oyo,Garri White,Grains,5.0,2874.0,14370.0, Mama Ngozi
TXN0069,19/01/2024,Ogbete,Enugu,Rice 50KG,Grains,,78210.0,, Mr Ade
TXN0070,2024/01/25,Wuse,Abuja,Rice 50KG,Grains,,79989.0,,Alhaji Musa
TXN0071,03/01/2024,Balogun,Lagos,Garri white,Grains,,4909.0,,Alhaji Musa
TXN0072,21/01/2024,Bodija,Oyo,Palm Oil 25l,Oil,1.0,37051.0,37051.0, Mama Ngozi
TXN0073,30/01/2024,Bodija,Oyo,Beans Brown,Grains,,4412.0,, Mr Ade
TXN0074,03/01/2024,Bodija,Oyo,Garri White,Grains,5.0,3511.0,17555.0, Mama Ngozi
TXN0075,2024-01-11,Bodija,Oyo,Palm Oil 25L,Oil,5.0,34235.0,171175.0,Mrs Okeke
TXN0076,2024/01/09,Ogbete,Enugu,Garri white,Grains,5.0,6283.0,31415.0, Mama Ngozi
TXN0077,2024/01/08,Balogun,Lagos,Beans brown,Grains,10.0,6302.0,63020.0, Mr Ade
TXN0078,2024/01/23,Bodija,Oyo,Rice 50kg,Grains,1.0,78410.0,78410.0,Mrs Okeke
TXN0079,23/01/2024,Bodija,Oyo,Garri white,Grains,10.0,5908.0,59080.0,Mrs Okeke
TXN0080,2024/01/18,Wuse,Abuja,Rice 50KG,Grains,2.0,80584.0,161168.0, Mama Ngozi
TXN0081,25/01/2024,Wuse,Abuja,Beans brown,Grains,10.0,4565.0,45650.0,Alhaji Musa
TXN0082,2024-01-01,Wuse,Abuja,Garri White,Grains,2.0,4456.0,8912.0,Mrs Okeke
TXN0083,05/01/2024,Balogun,Lagos,Rice 50kg,Grains,,78393.0,,Alhaji Musa
TXN0084,06/01/2024,Balogun,Lagos,Garri White,Grains,10.0,5421.0,54210.0, Mr Ade
TXN0085,2024-01-21,Balogun,Lagos,Rice 50KG,Grains,10.0,,, Mama Ngozi
TXN0086,2024/01/14,Ogbete,Enugu,Rice 50KG,Grains,2.0,78970.0,157940.0, Mama Ngozi
TXN0087,2024/01/14,Bodija,Oyo,Palm Oil 25l,Oil,10.0,35935.0,359350.0,Alhaji Musa
TXN0088,2024/01/06,Balogun,Lagos,Beans brown,Grains,2.0,4467.0,8934.0,Alhaji Musa
TXN0089,2024-01-16,Wuse,Abuja,Rice 50kg,Grains,10.0,79690.0,796900.0,Mrs Okeke
TXN0090,2024/01/26,Ogbete,Enugu,Palm Oil 25l,Oil,1.0,35412.0,35412.0, Mama Ngozi
TXN0091,2024-01-30,Bodija,Oyo,Rice 50KG,Grains,,79841.0,,Alhaji Musa
TXN0092,19/01/2024,Balogun,Lagos,Beans Brown,Grains,5.0,7074.0,35370.0,Alhaji Musa
TXN0093,2024/01/16,Bodija,Oyo,Garri White,Grains,10.0,3730.0,37300.0,Alhaji Musa
TXN0094,2024/01/08,Bodija,Oyo,Garri white,Grains,,,,Alhaji Musa
TXN0095,2024-01-15,Ogbete,Enugu,Rice 50kg,Grains,2.0,79854.0,159708.0, Mr Ade
TXN0096,2024-01-11,Bodija,Oyo,Rice 50KG,Grains,10.0,80850.0,808500.0,Mrs Okeke
TXN0097,,Bodija,Oyo,Palm Oil 25l,Oil,5.0,36780.0,183900.0,Alhaji Musa
TXN0098,2024-01-13,Ogbete,Enugu,Garri White,Grains,5.0,2449.0,12245.0, Mr Ade
TXN0099,25/01/2024,Bodija,Oyo,Rice 50kg,Grains,2.0,80247.0,160494.0,Alhaji Musa
TXN0100,15/01/2024,Wuse,Abuja,Garri White,Grains,,2573.0,,Alhaji Musa
TXN0101,2024-01-18,Balogun,Lagos,Beans brown,Grains,2.0,4845.0,9690.0,Alhaji Musa
TXN0102,10/01/2024,Bodija,Oyo,Rice 50KG,Grains,2.0,82082.0,164164.0, Mr Ade
TXN0103,2024/01/13,Bodija,Oyo,Palm Oil 25l,Oil,2.0,37241.0,74482.0, Mama Ngozi
TXN0104,2024-01-17,Balogun,Lagos,Garri White,Grains,10.0,4284.0,42840.0,Mrs Okeke
TXN0105,2024/01/12,Ogbete,Enugu,Palm Oil 25l,Oil,2.0,37158.0,74316.0, Mr Ade
TXN0106,08/01/2024,Bodija,Oyo,Garri white,Grains,2.0,3356.0,6712.0,Alhaji Musa
TXN0107,2024-01-26,Ogbete,Enugu,Palm Oil 25l,Oil,10.0,36662.0,366620.0, Mr Ade
TXN0108,04/01/2024,Balogun,Lagos,Beans Brown,Grains,,7034.0,,Alhaji Musa
TXN0109,,Bodija,Oyo,Rice 50kg,Grains,2.0,79358.0,158716.0,Mrs Okeke
TXN0110,28/01/2024,Ogbete,Enugu,Palm Oil 25L,Oil,1.0,36691.0,36691.0, Mr Ade
TXN0111,,Balogun,Lagos,Rice 50KG,Grains,2.0,80354.0,160708.0,Alhaji Musa
TXN0112,2024-01-02,Balogun,Lagos,Palm Oil 25l,Oil,2.0,35953.0,71906.0,Mrs Okeke
TXN0113,2024-01-14,Ogbete,Enugu,Garri white,Grains,10.0,2592.0,25920.0, Mama Ngozi
TXN0114,2024/01/08,Wuse,Abuja,Rice 50KG,Grains,,81133.0,, Mama Ngozi
TXN0115,01/01/2024,Wuse,Abuja,Palm Oil 25l,Oil,5.0,37264.0,186320.0,Mrs Okeke
TXN0116,10/01/2024,Wuse,Abuja,Rice 50KG,Grains,10.0,80830.0,808300.0,Mrs Okeke
TXN0117,2024/01/04,Bodija,Oyo,Garri White,Grains,2.0,4651.0,9302.0,Mrs Okeke
TXN0118,2024/01/19,Ogbete,Enugu,Garri White,Grains,1.0,4742.0,4742.0,Alhaji Musa
TXN0119,2024/01/08,Bodija,Oyo,Garri White,Grains,2.0,6473.0,12946.0,Mrs Okeke
TXN0120,2024/01/02,Wuse,Abuja,Rice 50KG,Grains,1.0,80530.0,80530.0, Mama Ngozi
TXN0121,05/01/2024,Balogun,Lagos,Garri White,Grains,5.0,4903.0,24515.0,Mrs Okeke
TXN0122,11/01/2024,Wuse,Abuja,Garri White,Grains,10.0,3917.0,39170.0,Alhaji Musa
TXN0123,26/01/2024,Wuse,Abuja,Beans brown,Grains,10.0,6865.0,68650.0,Alhaji Musa
TXN0124,2024-01-21,Bodija,Oyo,Garri white,Grains,5.0,6188.0,30940.0, Mama Ngozi
TXN0125,2024-01-20,Bodija,Oyo,Rice 50kg,Grains,,80599.0,, Mr Ade
TXN0126,02/01/2024,Ogbete,Enugu,Palm Oil 25L,Oil,1.0,,,Alhaji Musa
TXN0127,2024/01/12,Balogun,Lagos,Beans brown,Grains,,3411.0,, Mr Ade
TXN0128,2024-01-31,Wuse,Abuja,Palm Oil 25L,Oil,1.0,38008.0,38008.0,Mrs Okeke
TXN0129,04/01/2024,Wuse,Abuja,Palm Oil 25l,Oil,10.0,35434.0,354340.0,Mrs Okeke
TXN0130,31/01/2024,Balogun,Lagos,Palm Oil 25L,Oil,5.0,35554.0,177770.0,Alhaji Musa
TXN0131,2024-01-05,Wuse,Abuja,Rice 50kg,Grains,1.0,78732.0,78732.0,Alhaji Musa
TXN0132,2024-01-26,Wuse,Abuja,Beans brown,Grains,2.0,4991.0,9982.0,Mrs Okeke
TXN0133,2024-01-04,Wuse,Abuja,Beans Brown,Grains,,4253.0,, Mama Ngozi
TXN0134,2024-01-06,Balogun,Lagos,Garri white,Grains,2.0,6223.0,12446.0, Mr Ade
TXN0135,17/01/2024,Balogun,Lagos,Rice 50KG,Grains,10.0,81672.0,816720.0, Mama Ngozi
TXN0136,16/01/2024,Balogun,Lagos,Garri White,Grains,10.0,,,Alhaji Musa
TXN0137,,Bodija,Oyo,Palm Oil 25l,Oil,1.0,34161.0,34161.0,Mrs Okeke
TXN0138,2024-01-17,Ogbete,Enugu,Palm Oil 25L,Oil,,38346.0,,Alhaji Musa
TXN0139,27/01/2024,Wuse,Abuja,Palm Oil 25L,Oil,10.0,35871.0,358710.0,Alhaji Musa
TXN0140,05/01/2024,Ogbete,Enugu,Palm Oil 25L,Oil,5.0,36088.0,180440.0,Alhaji Musa
TXN0141,2024-01-24,Balogun,Lagos,Rice 50KG,Grains,1.0,81537.0,81537.0,Alhaji Musa
TXN0142,2024/01/31,Ogbete,Enugu,Rice 50KG,Grains,10.0,80896.0,808960.0,Alhaji Musa
TXN0143,07/01/2024,Ogbete,Enugu,Garri White,Grains,5.0,2348.0,11740.0, Mama Ngozi
TXN0144,09/01/2024,Balogun,Lagos,Garri white,Grains,,4411.0,,Alhaji Musa
TXN0145,10/01/2024,Ogbete,Enugu,Rice 50kg,Grains,2.0,78238.0,156476.0,Alhaji Musa
TXN0146,2024-01-24,Wuse,Abuja,Beans Brown,Grains,,,,Alhaji Musa
TXN0147,12/01/2024,Wuse,Abuja,Palm Oil 25L,Oil,10.0,37716.0,377160.0,Alhaji Musa
TXN0148,09/01/2024,Balogun,Lagos,Beans Brown,Grains,2.0,2607.0,5214.0, Mr Ade
TXN0149,2024-01-04,Bodija,Oyo,Palm Oil 25L,Oil,5.0,35765.0,178825.0,Mrs Okeke
TXN0150,,Bodija,Oyo,Garri White,Grains,1.0,3306.0,3306.0, Mama Ngozi
TXN0151,,Ogbete,Enugu,Beans brown,Grains,2.0,4393.0,8786.0, Mr Ade
TXN0152,2024/01/17,Wuse,Abuja,Beans Brown,Grains,10.0,6562.0,65620.0,Mrs Okeke
TXN0153,,Balogun,Lagos,Palm Oil 25L,Oil,1.0,,,Mrs Okeke
TXN0154,2024-01-01,Bodija,Oyo,Palm Oil 25L,Oil,10.0,36371.0,363710.0, Mr Ade
TXN0155,2024-01-19,Ogbete,Enugu,Rice 50KG,Grains,10.0,78867.0,788670.0, Mr Ade
TXN0156,2024-01-03,Ogbete,Enugu,Garri white,Grains,2.0,4128.0,8256.0, Mama Ngozi
TXN0157,2024/01/09,Ogbete,Enugu,Garri white,Grains,2.0,3335.0,6670.0, Mama Ngozi
TXN0158,2024/01/25,Balogun,Lagos,Beans Brown,Grains,10.0,6000.0,60000.0,Mrs Okeke
TXN0159,21/01/2024,Ogbete,Enugu,Beans Brown,Grains,10.0,2759.0,27590.0,Alhaji Musa
TXN0160,02/01/2024,Ogbete,Enugu,Rice 50KG,Grains,5.0,81782.0,408910.0,Alhaji Musa
TXN0161,2024-01-26,Balogun,Lagos,Palm Oil 25L,Oil,10.0,38754.0,387540.0, Mr Ade
TXN0162,,Wuse,Abuja,Garri white,Grains,,5296.0,,Alhaji Musa
TXN0163,23/01/2024,Ogbete,Enugu,Rice 50KG,Grains,,,, Mama Ngozi
TXN0164,2024-01-11,Ogbete,Enugu,Garri white,Grains,5.0,4573.0,22865.0,Mrs Okeke
TXN0165,2024/01/10,Balogun,Lagos,Garri white,Grains,1.0,5970.0,5970.0, Mama Ngozi
TXN0166,2024/01/10,Ogbete,Enugu,Rice 50KG,Grains,,79158.0,, Mr Ade
TXN0167,2024-01-26,Wuse,Abuja,Rice 50KG,Grains,5.0,82578.0,412890.0,Alhaji Musa
TXN0168,31/01/2024,Bodija,Oyo,Garri white,Grains,1.0,4370.0,4370.0, Mama Ngozi
TXN0169,2024/01/26,Wuse,Abuja,Beans Brown,Grains,2.0,2832.0,5664.0,Alhaji Musa
TXN0170,2024/01/06,Ogbete,Enugu,Beans Brown,Grains,,5286.0,, Mama Ngozi
TXN0171,2024/01/08,Bodija,Oyo,Rice 50kg,Grains,10.0,78984.0,789840.0,Mrs Okeke
TXN0172,2024-01-26,Bodija,Oyo,Beans brown,Grains,,4259.0,,Mrs Okeke
TXN0173,2024-01-14,Bodija,Oyo,Palm Oil 25l,Oil,5.0,36628.0,183140.0, Mama Ngozi
TXN0174,2024/01/04,Ogbete,Enugu,Rice 50kg,Grains,10.0,79040.0,790400.0,Alhaji Musa
TXN0175,17/01/2024,Ogbete,Enugu,Rice 50KG,Grains,2.0,80234.0,160468.0,Alhaji Musa
TXN0176,2024-01-13,Wuse,Abuja,Palm Oil 25l,Oil,5.0,33718.0,168590.0, Mr Ade
TXN0177,2024/01/04,Balogun,Lagos,Garri white,Grains,2.0,1630.0,3260.0,Mrs Okeke
TXN0178,2024-01-16,Wuse,Abuja,Beans Brown,Grains,1.0,4550.0,4550.0, Mr Ade
TXN0179,2024/01/27,Bodija,Oyo,Rice 50kg,Grains,1.0,76155.0,76155.0, Mr Ade
TXN0180,2024/01/08,Balogun,Lagos,Garri White,Grains,2.0,3967.0,7934.0, Mr Ade
TXN0181,2024-01-21,Balogun,Lagos,Rice 50KG,Grains,10.0,82888.0,828880.0, Mama Ngozi
TXN0182,2024/01/14,Ogbete,Enugu,Palm Oil 25L,Oil,1.0,36890.0,36890.0,Alhaji Musa
TXN0183,17/01/2024,Ogbete,Enugu,Rice 50KG,Grains,,82457.0,, Mr Ade
TXN0184,12/01/2024,Balogun,Lagos,Palm Oil 25L,Oil,5.0,36077.0,180385.0, Mama Ngozi
TXN0185,2024-01-11,Balogun,Lagos,Garri white,Grains,2.0,1763.0,3526.0, Mr Ade
TXN0186,31/01/2024,Bodija,Oyo,Beans Brown,Grains,2.0,2716.0,5432.0, Mama Ngozi
TXN0187,2024/01/17,Balogun,Lagos,Beans brown,Grains,1.0,4885.0,4885.0, Mr Ade
TXN0188,,Ogbete,Enugu,Rice 50kg,Grains,2.0,78343.0,156686.0,Mrs Okeke
TXN0189,24/01/2024,Ogbete,Enugu,Rice 50KG,Grains,5.0,81579.0,407895.0,Mrs Okeke
TXN0190,2024-01-17,Wuse,Abuja,Palm Oil 25l,Oil,10.0,36509.0,365090.0, Mr Ade
TXN0191,11/01/2024,Balogun,Lagos,Palm Oil 25L,Oil,,35478.0,,Mrs Okeke
TXN0192,2024-01-15,Ogbete,Enugu,Palm Oil 25l,Oil,,36990.0,,Mrs Okeke
TXN0193,2024/01/13,Bodija,Oyo,Garri White,Grains,1.0,2114.0,2114.0, Mama Ngozi
TXN0194,2024/01/03,Balogun,Lagos,Beans Brown,Grains,,,,Mrs Okeke
TXN0195,22/01/2024,Ogbete,Enugu,Palm Oil 25L,Oil,,34265.0,,Mrs Okeke
TXN0196,13/01/2024,Bodija,Oyo,Rice 50KG,Grains,,79127.0,, Mama Ngozi
TXN0197,30/01/2024,Balogun,Lagos,Rice 50kg,Grains,2.0,80088.0,160176.0,Mrs Okeke
TXN0198,2024-01-16,Bodija,Oyo,Beans brown,Grains,,4639.0,,Alhaji Musa
TXN0199,31/01/2024,Bodija,Oyo,Beans Brown,Grains,10.0,2919.0,29190.0,Mrs Okeke
TXN0200,2024-01-30,Balogun,Lagos,Garri White,Grains,5.0,2790.0,13950.0,Mrs Okeke
TXN0201,,Wuse,Abuja,Rice 50KG,Grains,2.0,79137.0,158274.0,Mrs Okeke
TXN0202,2024/01/13,Bodija,Oyo,Beans Brown,Grains,,,, Mr Ade
TXN0203,11/01/2024,Bodija,Oyo,Palm Oil 25L,Oil,,34604.0,, Mr Ade
TXN0204,2024/01/31,Ogbete,Enugu,Beans Brown,Grains,,7015.0,,Alhaji Musa
TXN0205,30/01/2024,Balogun,Lagos,Beans Brown,Grains,5.0,3548.0,17740.0,Mrs Okeke
TXN0206,2024/01/21,Balogun,Lagos,Garri White,Grains,2.0,6012.0,12024.0,Alhaji Musa
TXN0207,2024-01-30,Wuse,Abuja,Beans Brown,Grains,2.0,7157.0,14314.0,Alhaji Musa
TXN0208,,Balogun,Lagos,Garri White,Grains,2.0,6186.0,12372.0,Mrs Okeke
TXN0209,2024-01-03,Ogbete,Enugu,Palm Oil 25l,Oil,2.0,36826.0,73652.0, Mr Ade
TXN0210,2024/01/05,Bodija,Oyo,Palm Oil 25l,Oil,10.0,35171.0,351710.0,Mrs Okeke
TXN0211,04/01/2024,Ogbete,Enugu,Palm Oil 25L,Oil,2.0,37035.0,74070.0,Alhaji Musa
TXN0212,2024/01/10,Ogbete,Enugu,Palm Oil 25l,Oil,2.0,34654.0,69308.0, Mr Ade
TXN0213,07/01/2024,Wuse,Abuja,Beans Brown,Grains,5.0,6932.0,34660.0, Mr Ade
TXN0214,2024-01-13,Bodija,Oyo,Garri White,Grains,10.0,1689.0,16890.0, Mama Ngozi
TXN0215,2024/01/29,Ogbete,Enugu,Rice 50kg,Grains,1.0,78304.0,78304.0, Mr Ade
TXN0216,09/01/2024,Ogbete,Enugu,Rice 50kg,Grains,1.0,79530.0,79530.0,Mrs Okeke
TXN0217,2024-01-12,Balogun,Lagos,Palm Oil 25L,Oil,1.0,38671.0,38671.0, Mr Ade
TXN0218,04/01/2024,Bodija,Oyo,Garri White,Grains,,2473.0,,Mrs Okeke
TXN0219,,Wuse,Abuja,Beans brown,Grains,,6470.0,, Mama Ngozi
TXN0220,29/01/2024,Ogbete,Enugu,Palm Oil 25l,Oil,,37243.0,,Mrs Okeke
TXN0221,2024/01/17,Wuse,Abuja,Palm Oil 25L,Oil,,36451.0,, Mr Ade
TXN0222,2024/01/04,Ogbete,Enugu,Palm Oil 25l,Oil,1.0,36517.0,36517.0,Mrs Okeke
TXN0223,,Balogun,Lagos,Palm Oil 25l,Oil,5.0,38238.0,191190.0, Mr Ade
TXN0224,2024-01-31,Wuse,Abuja,Palm Oil 25L,Oil,2.0,,,Alhaji Musa
TXN0225,2024/01/07,Bodija,Oyo,Garri white,Grains,10.0,2640.0,26400.0, Mr Ade
TXN0226,22/01/2024,Balogun,Lagos,Beans Brown,Grains,,3898.0,,Mrs Okeke
TXN0227,2024/01/22,Wuse,Abuja,Palm Oil 25l,Oil,,36304.0,,Mrs Okeke
TXN0228,08/01/2024,Bodija,Oyo,Beans brown,Grains,2.0,4585.0,9170.0,Mrs Okeke
TXN0229,2024/01/30,Wuse,Abuja,Palm Oil 25l,Oil,5.0,37430.0,187150.0,Mrs Okeke
TXN0230,2024-01-13,Ogbete,Enugu,Rice 50KG,Grains,,82449.0,,Mrs Okeke
TXN0231,21/01/2024,Balogun,Lagos,Garri White,Grains,1.0,4337.0,4337.0, Mama Ngozi
TXN0232,2024-01-20,Wuse,Abuja,Garri White,Grains,,3725.0,, Mama Ngozi
TXN0233,2024-01-11,Balogun,Lagos,Beans brown,Grains,2.0,2730.0,5460.0, Mama Ngozi
TXN0234,07/01/2024,Balogun,Lagos,Beans Brown,Grains,10.0,6096.0,60960.0,Mrs Okeke
TXN0235,2024-01-24,Ogbete,Enugu,Rice 50kg,Grains,1.0,80703.0,80703.0, Mama Ngozi
TXN0236,06/01/2024,Bodija,Oyo,Beans Brown,Grains,1.0,5452.0,5452.0,Alhaji Musa
TXN0237,2024/01/11,Balogun,Lagos,Garri White,Grains,,6437.0,, Mr Ade
TXN0238,11/01/2024,Wuse,Abuja,Palm Oil 25l,Oil,5.0,35079.0,175395.0,Mrs Okeke
TXN0239,2024/01/25,Wuse,Abuja,Rice 50kg,Grains,5.0,78416.0,392080.0, Mr Ade
TXN0240,06/01/2024,Bodija,Oyo,Garri white,Grains,1.0,4683.0,4683.0,Mrs Okeke
TXN0241,25/01/2024,Wuse,Abuja,Rice 50kg,Grains,5.0,79142.0,395710.0,Mrs Okeke
TXN0242,2024-01-04,Balogun,Lagos,Garri White,Grains,5.0,,, Mr Ade
TXN0243,08/01/2024,Ogbete,Enugu,Rice 50KG,Grains,5.0,81010.0,405050.0, Mama Ngozi
TXN0244,2024/01/25,Bodija,Oyo,Garri white,Grains,10.0,5899.0,58990.0, Mama Ngozi
TXN0245,,Wuse,Abuja,Rice 50KG,Grains,,81659.0,,Alhaji Musa
TXN0246,11/01/2024,Balogun,Lagos,Beans brown,Grains,,6696.0,,Alhaji Musa
TXN0247,2024/01/02,Wuse,Abuja,Palm Oil 25l,Oil,1.0,37680.0,37680.0, Mr Ade
TXN0248,10/01/2024,Bodija,Oyo,Rice 50kg,Grains,,79787.0,,Mrs Okeke
TXN0249,2024/01/12,Balogun,Lagos,Beans brown,Grains,,,,Alhaji Musa
TXN0250,2024/01/25,Balogun,Lagos,Palm Oil 25l,Oil,1.0,35851.0,35851.0, Mr Ade
TXN0251,2024/01/22,Ogbete,Enugu,Palm Oil 25L,Oil,10.0,37092.0,370920.0, Mama Ngozi
TXN0252,2024-01-05,Ogbete,Enugu,Rice 50KG,Grains,2.0,82401.0,164802.0,Alhaji Musa
TXN0253,2024-01-13,Balogun,Lagos,Garri White,Grains,10.0,5960.0,59600.0, Mr Ade
TXN0254,2024-01-24,Ogbete,Enugu,Beans Brown,Grains,5.0,3744.0,18720.0, Mr Ade
TXN0255,2024/01/02,Balogun,Lagos,Beans brown,Grains,2.0,2851.0,5702.0,Alhaji Musa
TXN0256,2024-01-07,Wuse,Abuja,Rice 50kg,Grains,10.0,79595.0,795950.0, Mama Ngozi
TXN0257,25/01/2024,Ogbete,Enugu,Beans brown,Grains,,4912.0,, Mama Ngozi
TXN0258,,Ogbete,Enugu,Beans Brown,Grains,,4010.0,, Mama Ngozi
TXN0259,2024/01/22,Bodija,Oyo,Palm Oil 25l,Oil,1.0,36321.0,36321.0,Mrs Okeke
TXN0260,2024-01-25,Bodija,Oyo,Palm Oil 25L,Oil,2.0,36456.0,72912.0, Mama Ngozi
TXN0261,2024/01/31,Ogbete,Enugu,Beans Brown,Grains,10.0,2672.0,26720.0, Mama Ngozi
TXN0262,03/01/2024,Bodija,Oyo,Beans brown,Grains,5.0,3965.0,19825.0,Alhaji Musa
TXN0263,,Wuse,Abuja,Rice 50kg,Grains,5.0,79089.0,395445.0,Alhaji Musa
TXN0264,2024-01-11,Wuse,Abuja,Beans brown,Grains,10.0,4011.0,40110.0, Mama Ngozi
TXN0265,2024-01-23,Wuse,Abuja,Rice 50KG,Grains,10.0,79987.0,799870.0,Mrs Okeke
TXN0266,2024/01/10,Ogbete,Enugu,Palm Oil 25L,Oil,10.0,38371.0,383710.0, Mr Ade
TXN0267,2024-01-12,Bodija,Oyo,Rice 50KG,Grains,10.0,80623.0,806230.0, Mama Ngozi
TXN0268,19/01/2024,Wuse,Abuja,Rice 50kg,Grains,5.0,80532.0,402660.0, Mama Ngozi
TXN0269,2024/01/08,Wuse,Abuja,Garri white,Grains,2.0,4511.0,9022.0,Mrs Okeke
TXN0270,2024-01-26,Ogbete,Enugu,Palm Oil 25l,Oil,10.0,37275.0,372750.0, Mr Ade
TXN0271,2024/01/03,Wuse,Abuja,Rice 50kg,Grains,,76277.0,,Alhaji Musa
TXN0272,,Balogun,Lagos,Palm Oil 25L,Oil,2.0,,, Mr Ade
TXN0273,,Ogbete,Enugu,Rice 50kg,Grains,,79958.0,, Mr Ade
TXN0274,,Balogun,Lagos,Rice 50kg,Grains,,78250.0,, Mr Ade
TXN0275,07/01/2024,Wuse,Abuja,Rice 50KG,Grains,1.0,82295.0,82295.0,Mrs Okeke
TXN0276,2024/01/15,Ogbete,Enugu,Palm Oil 25L,Oil,1.0,37056.0,37056.0, Mama Ngozi
TXN0277,2024-01-13,Ogbete,Enugu,Rice 50KG,Grains,1.0,78765.0,78765.0,Alhaji Musa
TXN0278,2024-01-11,Wuse,Abuja,Rice 50KG,Grains,10.0,81554.0,815540.0,Alhaji Musa
TXN0279,,Wuse,Abuja,Beans brown,Grains,,6195.0,,Mrs Okeke
TXN0280,2024/01/19,Balogun,Lagos,Beans Brown,Grains,5.0,2328.0,11640.0, Mr Ade
TXN0281,2024/01/27,Balogun,Lagos,Garri White,Grains,2.0,6119.0,12238.0,Mrs Okeke
TXN0282,,Bodija,Oyo,Beans Brown,Grains,1.0,6302.0,6302.0, Mr Ade
TXN0283,31/01/2024,Wuse,Abuja,Rice 50KG,Grains,5.0,82957.0,414785.0,Alhaji Musa
TXN0284,2024-01-31,Ogbete,Enugu,Palm Oil 25l,Oil,10.0,35368.0,353680.0, Mr Ade
TXN0285,2024/01/05,Balogun,Lagos,Garri White,Grains,2.0,2102.0,4204.0, Mama Ngozi
TXN0286,31/01/2024,Bodija,Oyo,Garri white,Grains,5.0,2272.0,11360.0,Mrs Okeke
TXN0287,18/01/2024,Balogun,Lagos,Beans Brown,Grains,1.0,3735.0,3735.0,Alhaji Musa
TXN0288,20/01/2024,Balogun,Lagos,Rice 50KG,Grains,5.0,82540.0,412700.0,Alhaji Musa
TXN0289,2024-01-18,Ogbete,Enugu,Palm Oil 25L,Oil,10.0,34693.0,346930.0, Mama Ngozi
TXN0290,2024-01-16,Bodija,Oyo,Beans Brown,Grains,2.0,4402.0,8804.0, Mr Ade
TXN0291,2024-01-12,Ogbete,Enugu,Palm Oil 25L,Oil,5.0,37966.0,189830.0, Mr Ade
TXN0292,2024/01/31,Wuse,Abuja,Palm Oil 25l,Oil,1.0,34609.0,34609.0, Mr Ade
TXN0293,2024/01/28,Ogbete,Enugu,Palm Oil 25l,Oil,5.0,37027.0,185135.0, Mama Ngozi
TXN0294,06/01/2024,Ogbete,Enugu,Garri white,Grains,,3045.0,,Mrs Okeke
TXN0295,2024-01-26,Bodija,Oyo,Beans brown,Grains,5.0,5380.0,26900.0, Mama Ngozi
TXN0296,2024-01-10,Wuse,Abuja,Rice 50kg,Grains,10.0,77717.0,777170.0, Mr Ade
TXN0297,05/01/2024,Bodija,Oyo,Beans Brown,Grains,5.0,4182.0,20910.0,Alhaji Musa
TXN0298,2024/01/30,Bodija,Oyo,Palm Oil 25l,Oil,,36783.0,, Mr Ade
TXN0299,2024-01-03,Balogun,Lagos,Garri white,Grains,,6264.0,,Mrs Okeke
TXN0300,11/01/2024,Wuse,Abuja,Rice 50kg,Grains,,79273.0,,Alhaji Musa
TXN0301,2024/01/17,Balogun,Lagos,Rice 50KG,Grains,5.0,79818.0,399090.0, Mama Ngozi
TXN0302,2024-01-19,Bodija,Oyo,Garri white,Grains,10.0,5193.0,51930.0,Mrs Okeke
TXN0303,,Balogun,Lagos,Palm Oil 25l,Oil,1.0,35920.0,35920.0, Mama Ngozi
TXN0304,17/01/2024,Ogbete,Enugu,Garri White,Grains,5.0,5230.0,26150.0,Alhaji Musa
TXN0305,2024-01-26,Bodija,Oyo,Palm Oil 25l,Oil,5.0,34050.0,170250.0,Mrs Okeke
TXN0306,06/01/2024,Balogun,Lagos,Beans Brown,Grains,2.0,6427.0,12854.0, Mr Ade
TXN0307,2024/01/14,Wuse,Abuja,Palm Oil 25L,Oil,2.0,35526.0,71052.0, Mama Ngozi
TXN0308,2024/01/07,Bodija,Oyo,Palm Oil 25L,Oil,10.0,34036.0,340360.0,Alhaji Musa
TXN0309,04/01/2024,Balogun,Lagos,Beans Brown,Grains,5.0,4870.0,24350.0,Mrs Okeke
TXN0310,2024-01-28,Bodija,Oyo,Palm Oil 25L,Oil,,34935.0,,Mrs Okeke
TXN0311,2024/01/04,Balogun,Lagos,Beans Brown,Grains,5.0,3165.0,15825.0, Mama Ngozi
TXN0312,2024/01/14,Bodija,Oyo,Palm Oil 25L,Oil,,35129.0,, Mama Ngozi
TXN0313,2024-01-27,Wuse,Abuja,Palm Oil 25l,Oil,5.0,34649.0,173245.0,Mrs Okeke
TXN0314,2024/01/31,Balogun,Lagos,Palm Oil 25l,Oil,2.0,35098.0,70196.0, Mr Ade
TXN0315,2024-01-03,Bodija,Oyo,Palm Oil 25l,Oil,10.0,37136.0,371360.0,Mrs Okeke
TXN0316,2024/01/25,Balogun,Lagos,Garri White,Grains,2.0,5904.0,11808.0, Mr Ade
TXN0317,2024-01-12,Balogun,Lagos,Rice 50KG,Grains,5.0,82449.0,412245.0, Mr Ade
TXN0318,02/01/2024,Wuse,Abuja,Palm Oil 25L,Oil,1.0,36027.0,36027.0,Alhaji Musa
TXN0319,2024/01/19,Bodija,Oyo,Rice 50KG,Grains,2.0,79719.0,159438.0, Mr Ade
TXN0320,19/01/2024,Wuse,Abuja,Beans Brown,Grains,2.0,3895.0,7790.0, Mama Ngozi
TXN0321,2024/01/28,Ogbete,Enugu,Garri White,Grains,5.0,6191.0,30955.0,Alhaji Musa
TXN0322,2024-01-05,Wuse,Abuja,Palm Oil 25L,Oil,1.0,36271.0,36271.0, Mama Ngozi
TXN0323,2024/01/19,Wuse,Abuja,Garri white,Grains,2.0,4617.0,9234.0, Mr Ade
TXN0324,24/01/2024,Bodija,Oyo,Palm Oil 25l,Oil,1.0,34262.0,34262.0, Mr Ade
TXN0325,2024/01/28,Bodija,Oyo,Garri white,Grains,,1420.0,, Mr Ade
TXN0326,14/01/2024,Ogbete,Enugu,Rice 50KG,Grains,,81258.0,,Mrs Okeke
TXN0327,19/01/2024,Ogbete,Enugu,Garri White,Grains,5.0,5983.0,29915.0,Alhaji Musa
TXN0328,28/01/2024,Balogun,Lagos,Rice 50KG,Grains,10.0,78133.0,781330.0,Alhaji Musa
TXN0329,2024-01-30,Bodija,Oyo,Beans brown,Grains,2.0,4772.0,9544.0,Mrs Okeke
TXN0330,2024/01/21,Ogbete,Enugu,Rice 50KG,Grains,5.0,,, Mama Ngozi
TXN0331,2024-01-03,Bodija,Oyo,Rice 50KG,Grains,1.0,78008.0,78008.0, Mr Ade
TXN0332,14/01/2024,Balogun,Lagos,Rice 50kg,Grains,5.0,76987.0,384935.0,Alhaji Musa
TXN0333,2024-01-12,Wuse,Abuja,Palm Oil 25L,Oil,1.0,34839.0,34839.0, Mr Ade
TXN0334,20/01/2024,Wuse,Abuja,Beans Brown,Grains,1.0,6545.0,6545.0,Mrs Okeke
TXN0335,2024-01-03,Wuse,Abuja,Beans Brown,Grains,10.0,5824.0,58240.0,Alhaji Musa
TXN0336,2024-01-08,Bodija,Oyo,Garri white,Grains,10.0,3976.0,39760.0, Mama Ngozi
TXN0337,17/01/2024,Ogbete,Enugu,Rice 50kg,Grains,5.0,77683.0,388415.0,Mrs Okeke
TXN0338,2024-01-16,Balogun,Lagos,Beans brown,Grains,10.0,5461.0,54610.0,Alhaji Musa
TXN0339,2024/01/19,Ogbete,Enugu,Garri white,Grains,2.0,4568.0,9136.0, Mama Ngozi
TXN0340,2024-01-09,Bodija,Oyo,Rice 50KG,Grains,1.0,,, Mr Ade
TXN0341,2024-01-18,Ogbete,Enugu,Palm Oil 25L,Oil,10.0,37295.0,372950.0,Mrs Okeke
TXN0342,26/01/2024,Balogun,Lagos,Garri White,Grains,1.0,5688.0,5688.0, Mr Ade
TXN0343,2024-01-03,Balogun,Lagos,Garri White,Grains,10.0,,, Mr Ade
TXN0344,2024-01-05,Balogun,Lagos,Garri White,Grains,2.0,,, Mr Ade
TXN0345,2024/01/25,Ogbete,Enugu,Garri White,Grains,2.0,4546.0,9092.0,Alhaji Musa
TXN0346,2024/01/09,Balogun,Lagos,Garri white,Grains,10.0,3628.0,36280.0,Alhaji Musa
TXN0347,28/01/2024,Bodija,Oyo,Palm Oil 25l,Oil,,,, Mama Ngozi
TXN0348,,Ogbete,Enugu,Rice 50KG,Grains,,78944.0,,Alhaji Musa
TXN0349,2024-01-05,Wuse,Abuja,Rice 50kg,Grains,10.0,78981.0,789810.0, Mr Ade
TXN0350,2024-01-11,Wuse,Abuja,Garri white,Grains,2.0,4809.0,9618.0,Mrs Okeke
TXN0351,2024-01-02,Balogun,Lagos,Rice 50kg,Grains,2.0,77828.0,155656.0, Mr Ade
TXN0352,01/01/2024,Ogbete,Enugu,Garri White,Grains,5.0,2207.0,11035.0,Mrs Okeke
TXN0353,2024/01/25,Wuse,Abuja,Palm Oil 25l,Oil,5.0,38347.0,191735.0, Mama Ngozi
TXN0354,2024/01/12,Wuse,Abuja,Rice 50kg,Grains,10.0,76195.0,761950.0,Alhaji Musa
TXN0355,17/01/2024,Ogbete,Enugu,Rice 50kg,Grains,10.0,78519.0,785190.0, Mr Ade
TXN0356,2024/01/08,Balogun,Lagos,Beans Brown,Grains,5.0,,, Mr Ade
TXN0357,05/01/2024,Ogbete,Enugu,Palm Oil 25l,Oil,1.0,38257.0,38257.0,Alhaji Musa
TXN0358,28/01/2024,Balogun,Lagos,Palm Oil 25L,Oil,2.0,35939.0,71878.0,Mrs Okeke
TXN0359,2024/01/07,Ogbete,Enugu,Palm Oil 25l,Oil,5.0,,,Alhaji Musa
TXN0360,14/01/2024,Wuse,Abuja,Rice 50KG,Grains,2.0,81682.0,163364.0, Mama Ngozi
TXN0361,2024/01/03,Bodija,Oyo,Garri White,Grains,10.0,3670.0,36700.0,Mrs Okeke
TXN0362,08/01/2024,Balogun,Lagos,Beans brown,Grains,5.0,3515.0,17575.0,Alhaji Musa
TXN0363,2024/01/28,Ogbete,Enugu,Garri White,Grains,2.0,1754.0,3508.0, Mama Ngozi
TXN0364,2024-01-02,Balogun,Lagos,Palm Oil 25l,Oil,1.0,34645.0,34645.0, Mama Ngozi
TXN0365,2024-01-09,Wuse,Abuja,Palm Oil 25L,Oil,5.0,34688.0,173440.0,Alhaji Musa
TXN0366,28/01/2024,Balogun,Lagos,Beans brown,Grains,10.0,3355.0,33550.0,Alhaji Musa
TXN0367,14/01/2024,Balogun,Lagos,Palm Oil 25l,Oil,1.0,34876.0,34876.0, Mr Ade
TXN0368,30/01/2024,Balogun,Lagos,Palm Oil 25L,Oil,10.0,35415.0,354150.0, Mr Ade
TXN0369,2024/01/16,Wuse,Abuja,Rice 50kg,Grains,,78013.0,, Mr Ade
TXN0370,2024/01/07,Balogun,Lagos,Rice 50KG,Grains,5.0,81137.0,405685.0, Mama Ngozi
TXN0371,2024/01/16,Balogun,Lagos,Palm Oil 25L,Oil,5.0,37929.0,189645.0,Mrs Okeke
TXN0372,,Bodija,Oyo,Garri White,Grains,2.0,1713.0,3426.0,Mrs Okeke
TXN0373,2024-01-08,Balogun,Lagos,Palm Oil 25l,Oil,,36428.0,, Mama Ngozi
TXN0374,31/01/2024,Wuse,Abuja,Garri White,Grains,,1958.0,,Mrs Okeke
TXN0375,2024/01/24,Wuse,Abuja,Beans Brown,Grains,2.0,7053.0,14106.0,Alhaji Musa
TXN0376,26/01/2024,Ogbete,Enugu,Beans Brown,Grains,,3742.0,,Mrs Okeke
TXN0377,2024/01/20,Wuse,Abuja,Palm Oil 25l,Oil,1.0,,, Mr Ade
TXN0378,11/01/2024,Balogun,Lagos,Garri white,Grains,,3050.0,,Alhaji Musa
TXN0379,28/01/2024,Balogun,Lagos,Beans Brown,Grains,,3360.0,,Alhaji Musa
TXN0380,2024-01-11,Ogbete,Enugu,Palm Oil 25L,Oil,,34827.0,, Mr Ade
TXN0381,30/01/2024,Bodija,Oyo,Garri white,Grains,2.0,6003.0,12006.0, Mama Ngozi
TXN0382,,Wuse,Abuja,Palm Oil 25L,Oil,5.0,36412.0,182060.0, Mr Ade
TXN0383,2024/01/31,Balogun,Lagos,Beans Brown,Grains,,4806.0,,Alhaji Musa
TXN0384,2024-01-11,Bodija,Oyo,Beans Brown,Grains,5.0,2837.0,14185.0,Mrs Okeke
TXN0385,2024-01-03,Bodija,Oyo,Rice 50kg,Grains,5.0,77717.0,388585.0,Alhaji Musa
TXN0386,29/01/2024,Balogun,Lagos,Palm Oil 25L,Oil,10.0,37437.0,374370.0,Mrs Okeke
TXN0387,22/01/2024,Bodija,Oyo,Rice 50KG,Grains,10.0,82735.0,827350.0,Alhaji Musa
TXN0388,,Balogun,Lagos,Garri White,Grains,1.0,4110.0,4110.0, Mama Ngozi
TXN0389,2024/01/03,Bodija,Oyo,Beans Brown,Grains,1.0,6681.0,6681.0, Mr Ade
TXN0390,,Balogun,Lagos,Palm Oil 25L,Oil,2.0,38975.0,77950.0,Mrs Okeke
TXN0391,2024/01/24,Wuse,Abuja,Beans brown,Grains,10.0,6839.0,68390.0,Mrs Okeke
TXN0392,2024-01-18,Ogbete,Enugu,Beans brown,Grains,1.0,2706.0,2706.0,Alhaji Musa
TXN0393,22/01/2024,Ogbete,Enugu,Rice 50kg,Grains,10.0,76717.0,767170.0, Mama Ngozi
TXN0394,2024-01-03,Balogun,Lagos,Rice 50kg,Grains,2.0,77399.0,154798.0,Mrs Okeke
TXN0395,18/01/2024,Bodija,Oyo,Palm Oil 25l,Oil,10.0,35670.0,356700.0, Mr Ade
TXN0396,15/01/2024,Ogbete,Enugu,Beans Brown,Grains,10.0,2565.0,25650.0,Alhaji Musa
TXN0397,2024/01/14,Wuse,Abuja,Rice 50KG,Grains,1.0,80816.0,80816.0, Mama Ngozi
TXN0398,22/01/2024,Balogun,Lagos,Palm Oil 25L,Oil,,37429.0,, Mama Ngozi
TXN0399,,Bodija,Oyo,Garri White,Grains,1.0,4734.0,4734.0, Mama Ngozi
TXN0400,2024-01-26,Balogun,Lagos,Palm Oil 25l,Oil,2.0,34869.0,69738.0, Mr Ade
TXN0401,2024/01/09,Balogun,Lagos,Palm Oil 25L,Oil,2.0,35211.0,70422.0,Alhaji Musa
TXN0402,28/01/2024,Balogun,Lagos,Palm Oil 25L,Oil,,37255.0,,Alhaji Musa
TXN0403,2024-01-19,Bodija,Oyo,Rice 50KG,Grains,10.0,79225.0,792250.0,Alhaji Musa
TXN0404,09/01/2024,Balogun,Lagos,Garri White,Grains,,4316.0,, Mr Ade
TXN0405,20/01/2024,Balogun,Lagos,Beans Brown,Grains,5.0,5501.0,27505.0,Alhaji Musa
TXN0406,30/01/2024,Bodija,Oyo,Garri white,Grains,2.0,1803.0,3606.0,Alhaji Musa
TXN0407,2024-01-28,Ogbete,Enugu,Garri White,Grains,5.0,3796.0,18980.0, Mama Ngozi
TXN0408,2024-01-14,Wuse,Abuja,Garri White,Grains,10.0,4128.0,41280.0, Mama Ngozi
TXN0409,2024-01-28,Bodija,Oyo,Beans brown,Grains,10.0,6268.0,62680.0, Mama Ngozi
TXN0410,2024/01/28,Balogun,Lagos,Garri White,Grains,,4804.0,,Alhaji Musa
TXN0411,,Wuse,Abuja,Beans brown,Grains,2.0,2772.0,5544.0,Mrs Okeke
TXN0412,2024/01/21,Wuse,Abuja,Garri White,Grains,5.0,5302.0,26510.0,Alhaji Musa
TXN0413,2024/01/31,Wuse,Abuja,Garri white,Grains,10.0,6266.0,62660.0,Mrs Okeke
TXN0414,,Ogbete,Enugu,Beans Brown,Grains,5.0,2940.0,14700.0, Mama Ngozi
TXN0415,,Wuse,Abuja,Beans brown,Grains,2.0,4504.0,9008.0,Alhaji Musa
TXN0416,08/01/2024,Bodija,Oyo,Beans Brown,Grains,2.0,7124.0,14248.0,Mrs Okeke
TXN0417,2024/01/15,Bodija,Oyo,Palm Oil 25L,Oil,5.0,37760.0,188800.0, Mr Ade
TXN0418,20/01/2024,Balogun,Lagos,Rice 50kg,Grains,,79065.0,,Alhaji Musa
TXN0419,2024/01/28,Bodija,Oyo,Rice 50KG,Grains,5.0,80264.0,401320.0,Mrs Okeke
TXN0420,2024/01/26,Wuse,Abuja,Beans Brown,Grains,,4168.0,, Mr Ade
TXN0421,09/01/2024,Ogbete,Enugu,Beans Brown,Grains,1.0,6274.0,6274.0, Mr Ade
TXN0422,2024/01/21,Balogun,Lagos,Beans brown,Grains,5.0,4121.0,20605.0,Mrs Okeke
TXN0423,16/01/2024,Ogbete,Enugu,Beans Brown,Grains,,3683.0,, Mama Ngozi
TXN0424,28/01/2024,Ogbete,Enugu,Rice 50KG,Grains,2.0,80910.0,161820.0,Mrs Okeke
TXN0425,2024/01/28,Ogbete,Enugu,Garri White,Grains,10.0,2464.0,24640.0,Alhaji Musa
TXN0426,13/01/2024,Bodija,Oyo,Beans brown,Grains,,3281.0,,Alhaji Musa
TXN0427,19/01/2024,Wuse,Abuja,Beans Brown,Grains,2.0,5007.0,10014.0, Mama Ngozi
TXN0428,2024-01-06,Ogbete,Enugu,Beans Brown,Grains,1.0,6194.0,6194.0,Alhaji Musa
TXN0429,2024-01-06,Bodija,Oyo,Garri White,Grains,2.0,2881.0,5762.0, Mama Ngozi
TXN0430,,Bodija,Oyo,Palm Oil 25L,Oil,10.0,37514.0,375140.0, Mama Ngozi
TXN0431,,Ogbete,Enugu,Rice 50kg,Grains,5.0,80350.0,401750.0, Mama Ngozi
TXN0432,2024-01-17,Wuse,Abuja,Garri white,Grains,5.0,2456.0,12280.0,Alhaji Musa
TXN0433,20/01/2024,Balogun,Lagos,Garri White,Grains,5.0,5234.0,26170.0, Mama Ngozi
TXN0434,30/01/2024,Ogbete,Enugu,Palm Oil 25l,Oil,5.0,35043.0,175215.0,Alhaji Musa
TXN0435,2024-01-19,Wuse,Abuja,Beans brown,Grains,2.0,4030.0,8060.0,Mrs Okeke
TXN0436,2024/01/20,Balogun,Lagos,Palm Oil 25L,Oil,5.0,38380.0,191900.0,Alhaji Musa
TXN0437,04/01/2024,Balogun,Lagos,Rice 50kg,Grains,1.0,79414.0,79414.0, Mama Ngozi
TXN0438,2024/01/22,Wuse,Abuja,Rice 50kg,Grains,5.0,79447.0,397235.0, Mama Ngozi
TXN0439,2024-01-26,Bodija,Oyo,Rice 50KG,Grains,,78964.0,, Mama Ngozi
TXN0440,2024-01-02,Ogbete,Enugu,Beans brown,Grains,5.0,5656.0,28280.0, Mr Ade
TXN0441,2024/01/30,Ogbete,Enugu,Beans brown,Grains,1.0,2404.0,2404.0, Mr Ade
TXN0442,2024/01/04,Wuse,Abuja,Rice 50KG,Grains,,78614.0,, Mama Ngozi
TXN0443,2024-01-27,Bodija,Oyo,Garri White,Grains,5.0,,,Mrs Okeke
TXN0444,2024-01-25,Ogbete,Enugu,Garri white,Grains,10.0,2349.0,23490.0, Mama Ngozi
TXN0445,2024-01-09,Wuse,Abuja,Garri white,Grains,5.0,4985.0,24925.0,Mrs Okeke
TXN0446,15/01/2024,Ogbete,Enugu,Beans Brown,Grains,1.0,5483.0,5483.0, Mr Ade
TXN0447,2024-01-02,Bodija,Oyo,Beans Brown,Grains,1.0,3285.0,3285.0,Alhaji Musa
TXN0448,2024/01/13,Bodija,Oyo,Palm Oil 25l,Oil,,37089.0,,Alhaji Musa
TXN0449,,Wuse,Abuja,Palm Oil 25l,Oil,10.0,34425.0,344250.0,Mrs Okeke
TXN0450,2024/01/08,Ogbete,Enugu,Rice 50kg,Grains,,80723.0,,Mrs Okeke
TXN0451,2024-01-22,Balogun,Lagos,Palm Oil 25L,Oil,2.0,37947.0,75894.0,Alhaji Musa
TXN0452,28/01/2024,Balogun,Lagos,Beans Brown,Grains,,6044.0,,Mrs Okeke
TXN0453,18/01/2024,Wuse,Abuja,Garri white,Grains,5.0,1812.0,9060.0, Mama Ngozi
TXN0454,28/01/2024,Balogun,Lagos,Palm Oil 25l,Oil,10.0,38194.0,381940.0,Alhaji Musa
TXN0455,2024-01-18,Bodija,Oyo,Rice 50kg,Grains,1.0,79304.0,79304.0,Mrs Okeke
TXN0456,27/01/2024,Wuse,Abuja,Palm Oil 25l,Oil,5.0,36476.0,182380.0,Mrs Okeke
TXN0457,22/01/2024,Bodija,Oyo,Garri white,Grains,10.0,2334.0,23340.0,Mrs Okeke
TXN0458,2024/01/16,Ogbete,Enugu,Garri white,Grains,1.0,1775.0,1775.0, Mr Ade
TXN0459,2024-01-30,Balogun,Lagos,Garri White,Grains,,3104.0,, Mr Ade
TXN0460,2024/01/21,Wuse,Abuja,Garri white,Grains,1.0,,,Alhaji Musa
TXN0461,,Bodija,Oyo,Palm Oil 25l,Oil,,37630.0,,Alhaji Musa
TXN0462,2024-01-06,Bodija,Oyo,Palm Oil 25l,Oil,,34951.0,,Alhaji Musa
TXN0463,2024-01-20,Bodija,Oyo,Garri white,Grains,,4551.0,,Mrs Okeke
TXN0464,2024/01/05,Bodija,Oyo,Garri white,Grains,5.0,5109.0,25545.0,Mrs Okeke
TXN0465,2024/01/10,Ogbete,Enugu,Beans brown,Grains,2.0,4017.0,8034.0, Mama Ngozi
TXN0466,2024/01/19,Wuse,Abuja,Garri white,Grains,1.0,4285.0,4285.0, Mr Ade
TXN0467,2024/01/13,Ogbete,Enugu,Palm Oil 25L,Oil,1.0,38282.0,38282.0,Alhaji Musa
TXN0468,2024/01/05,Wuse,Abuja,Garri White,Grains,2.0,3847.0,7694.0,Mrs Okeke
TXN0469,2024/01/28,Wuse,Abuja,Rice 50kg,Grains,5.0,79707.0,398535.0, Mama Ngozi
TXN0470,02/01/2024,Bodija,Oyo,Beans brown,Grains,,4656.0,, Mr Ade
TXN0471,28/01/2024,Ogbete,Enugu,Rice 50kg,Grains,1.0,78058.0,78058.0, Mama Ngozi
TXN0472,,Ogbete,Enugu,Beans brown,Grains,2.0,4709.0,9418.0, Mama Ngozi
TXN0473,2024/01/09,Balogun,Lagos,Palm Oil 25L,Oil,1.0,37510.0,37510.0,Mrs Okeke
TXN0474,2024-01-30,Balogun,Lagos,Garri white,Grains,10.0,,,Mrs Okeke
TXN0475,2024-01-31,Bodija,Oyo,Garri white,Grains,1.0,4003.0,4003.0, Mama Ngozi
TXN0476,07/01/2024,Bodija,Oyo,Palm Oil 25L,Oil,1.0,36862.0,36862.0,Mrs Okeke
TXN0477,2024/01/18,Ogbete,Enugu,Beans brown,Grains,,6645.0,,Alhaji Musa
TXN0478,2024-01-20,Balogun,Lagos,Garri white,Grains,10.0,3368.0,33680.0,Alhaji Musa
TXN0479,2024/01/24,Ogbete,Enugu,Palm Oil 25L,Oil,1.0,37161.0,37161.0,Mrs Okeke
TXN0480,2024-01-07,Bodija,Oyo,Palm Oil 25l,Oil,1.0,35928.0,35928.0,Alhaji Musa
TXN0481,2024/01/25,Wuse,Abuja,Rice 50kg,Grains,1.0,77726.0,77726.0, Mr Ade
TXN0482,,Balogun,Lagos,Beans brown,Grains,,5865.0,, Mama Ngozi
TXN0483,02/01/2024,Balogun,Lagos,Palm Oil 25l,Oil,5.0,33810.0,169050.0,Alhaji Musa
TXN0484,2024-01-13,Wuse,Abuja,Garri White,Grains,10.0,4678.0,46780.0, Mr Ade
TXN0485,,Balogun,Lagos,Rice 50kg,Grains,,76518.0,,Alhaji Musa
TXN0486,10/01/2024,Ogbete,Enugu,Rice 50KG,Grains,5.0,80468.0,402340.0, Mr Ade
TXN0487,2024/01/05,Bodija,Oyo,Rice 50kg,Grains,10.0,77280.0,772800.0,Mrs Okeke
TXN0488,2024-01-18,Wuse,Abuja,Garri White,Grains,5.0,1591.0,7955.0,Alhaji Musa
TXN0489,2024-01-29,Bodija,Oyo,Rice 50KG,Grains,5.0,79720.0,398600.0, Mr Ade
TXN0490,2024-01-09,Wuse,Abuja,Beans Brown,Grains,2.0,4008.0,8016.0,Alhaji Musa
TXN0491,07/01/2024,Bodija,Oyo,Rice 50KG,Grains,5.0,78551.0,392755.0,Mrs Okeke
TXN0492,03/01/2024,Ogbete,Enugu,Beans Brown,Grains,2.0,3019.0,6038.0, Mr Ade
TXN0493,05/01/2024,Bodija,Oyo,Garri white,Grains,,3904.0,,Mrs Okeke
TXN0494,2024/01/08,Bodija,Oyo,Beans Brown,Grains,1.0,4765.0,4765.0, Mr Ade
TXN0495,15/01/2024,Ogbete,Enugu,Garri white,Grains,2.0,4116.0,8232.0, Mr Ade
TXN0496,2024/01/28,Balogun,Lagos,Beans Brown,Grains,,2871.0,, Mama Ngozi
TXN0497,,Ogbete,Enugu,Rice 50KG,Grains,1.0,78152.0,78152.0, Mr Ade
TXN0498,2024-01-18,Wuse,Abuja,Rice 50kg,Grains,,78134.0,,Mrs Okeke
TXN0499,17/01/2024,Bodija,Oyo,Beans brown,Grains,,4683.0,,Mrs Okeke
TXN0500,2024-01-05,Balogun,Lagos,Beans brown,Grains,,3658.0,, Mama Ngozi
TXN0501,,Bodija,Oyo,Garri white,Grains,1.0,3192.0,3192.0,Mrs Okeke
TXN0502,12/01/2024,Wuse,Abuja,Rice 50kg,Grains,2.0,80242.0,160484.0,Alhaji Musa
TXN0503,09/01/2024,Balogun,Lagos,Garri white,Grains,1.0,5671.0,5671.0, Mama Ngozi
TXN0504,,Bodija,Oyo,Palm Oil 25L,Oil,5.0,38814.0,194070.0,Mrs Okeke
TXN0505,28/01/2024,Bodija,Oyo,Beans brown,Grains,,5624.0,,Alhaji Musa
TXN0506,2024-01-21,Wuse,Abuja,Palm Oil 25l,Oil,2.0,,, Mama Ngozi
TXN0507,2024/01/14,Wuse,Abuja,Garri white,Grains,,2369.0,,Alhaji Musa
TXN0508,2024-01-21,Bodija,Oyo,Palm Oil 25l,Oil,10.0,35226.0,352260.0, Mama Ngozi
TXN0509,2024/01/21,Balogun,Lagos,Beans Brown,Grains,,7052.0,, Mama Ngozi
TXN0510,2024/01/13,Balogun,Lagos,Beans Brown,Grains,5.0,3674.0,18370.0,Alhaji Musa
TXN0511,2024-01-16,Ogbete,Enugu,Rice 50KG,Grains,2.0,81679.0,163358.0, Mama Ngozi
TXN0512,2024/01/17,Bodija,Oyo,Beans Brown,Grains,,3689.0,,Mrs Okeke
TXN0513,,Bodija,Oyo,Rice 50KG,Grains,2.0,81098.0,162196.0, Mr Ade
TXN0514,,Wuse,Abuja,Rice 50KG,Grains,2.0,81898.0,163796.0,Alhaji Musa
TXN0515,2024/01/01,Balogun,Lagos,Palm Oil 25l,Oil,2.0,38443.0,76886.0, Mr Ade
TXN0516,31/01/2024,Bodija,Oyo,Garri white,Grains,1.0,5740.0,5740.0,Mrs Okeke
TXN0517,2024-01-08,Balogun,Lagos,Palm Oil 25L,Oil,2.0,36085.0,72170.0,Mrs Okeke
TXN0518,,Bodija,Oyo,Garri White,Grains,2.0,1544.0,3088.0,Alhaji Musa
TXN0519,2024/01/04,Balogun,Lagos,Palm Oil 25L,Oil,2.0,36587.0,73174.0,Mrs Okeke
TXN0520,2024-01-22,Ogbete,Enugu,Palm Oil 25L,Oil,,36995.0,, Mr Ade
TXN0521,2024/01/09,Bodija,Oyo,Beans Brown,Grains,5.0,6780.0,33900.0,Mrs Okeke
TXN0522,2024-01-23,Bodija,Oyo,Beans Brown,Grains,1.0,4082.0,4082.0, Mama Ngozi
TXN0523,2024-01-31,Bodija,Oyo,Garri white,Grains,,1826.0,, Mama Ngozi
TXN0524,,Bodija,Oyo,Palm Oil 25L,Oil,1.0,34524.0,34524.0,Alhaji Musa
TXN0525,2024-01-31,Bodija,Oyo,Palm Oil 25L,Oil,,38268.0,, Mr Ade
TXN0526,2024/01/02,Bodija,Oyo,Rice 50kg,Grains,2.0,80244.0,160488.0, Mama Ngozi
TXN0527,,Wuse,Abuja,Rice 50kg,Grains,5.0,77959.0,389795.0,Mrs Okeke
TXN0528,,Bodija,Oyo,Garri white,Grains,10.0,4721.0,47210.0,Alhaji Musa
TXN0529,2024-01-31,Balogun,Lagos,Garri White,Grains,,6275.0,, Mama Ngozi
TXN0530,2024/01/14,Bodija,Oyo,Palm Oil 25L,Oil,,34038.0,,Alhaji Musa
TXN0531,2024/01/29,Ogbete,Enugu,Garri white,Grains,1.0,5604.0,5604.0,Mrs Okeke
TXN0532,25/01/2024,Bodija,Oyo,Palm Oil 25L,Oil,,37961.0,, Mr Ade
TXN0533,2024-01-21,Balogun,Lagos,Palm Oil 25l,Oil,1.0,,, Mama Ngozi
TXN0534,2024-01-23,Ogbete,Enugu,Palm Oil 25L,Oil,5.0,38231.0,191155.0,Mrs Okeke
TXN0535,06/01/2024,Balogun,Lagos,Palm Oil 25L,Oil,5.0,34622.0,173110.0, Mama Ngozi
TXN0536,08/01/2024,Ogbete,Enugu,Beans Brown,Grains,2.0,6287.0,12574.0, Mama Ngozi
TXN0537,2024-01-04,Wuse,Abuja,Beans brown,Grains,2.0,5216.0,10432.0, Mr Ade
TXN0538,2024/01/16,Balogun,Lagos,Rice 50kg,Grains,10.0,79040.0,790400.0,Mrs Okeke
TXN0539,2024-01-25,Bodija,Oyo,Beans Brown,Grains,,4495.0,, Mr Ade
TXN0540,22/01/2024,Bodija,Oyo,Rice 50kg,Grains,,78844.0,,Alhaji Musa
TXN0541,13/01/2024,Bodija,Oyo,Garri white,Grains,1.0,1496.0,1496.0,Mrs Okeke
TXN0542,16/01/2024,Ogbete,Enugu,Beans Brown,Grains,,4353.0,,Mrs Okeke
TXN0543,25/01/2024,Wuse,Abuja,Palm Oil 25l,Oil,10.0,35224.0,352240.0,Mrs Okeke
TXN0544,2024-01-22,Bodija,Oyo,Beans Brown,Grains,,3274.0,,Mrs Okeke
TXN0545,31/01/2024,Wuse,Abuja,Palm Oil 25L,Oil,10.0,35606.0,356060.0,Alhaji Musa
TXN0546,2024/01/28,Wuse,Abuja,Palm Oil 25L,Oil,10.0,35101.0,351010.0,Mrs Okeke
TXN0547,2024/01/02,Bodija,Oyo,Garri White,Grains,5.0,6105.0,30525.0, Mama Ngozi
TXN0548,04/01/2024,Balogun,Lagos,Beans brown,Grains,5.0,6203.0,31015.0,Mrs Okeke
TXN0549,09/01/2024,Ogbete,Enugu,Garri white,Grains,,5966.0,,Alhaji Musa
TXN0550,18/01/2024,Ogbete,Enugu,Beans brown,Grains,,7017.0,,Mrs Okeke
TXN0551,2024-01-10,Ogbete,Enugu,Palm Oil 25l,Oil,10.0,34142.0,341420.0, Mama Ngozi
TXN0552,,Ogbete,Enugu,Palm Oil 25L,Oil,,38682.0,, Mama Ngozi
TXN0553,2024/01/23,Ogbete,Enugu,Beans brown,Grains,5.0,4895.0,24475.0, Mr Ade
TXN0554,2024-01-15,Ogbete,Enugu,Palm Oil 25l,Oil,5.0,38308.0,191540.0,Alhaji Musa
TXN0555,2024-01-13,Wuse,Abuja,Beans brown,Grains,5.0,2955.0,14775.0, Mr Ade
TXN0556,2024/01/03,Balogun,Lagos,Rice 50kg,Grains,10.0,80292.0,802920.0, Mama Ngozi
TXN0557,2024-01-10,Balogun,Lagos,Palm Oil 25L,Oil,5.0,35878.0,179390.0, Mama Ngozi
TXN0558,11/01/2024,Wuse,Abuja,Rice 50kg,Grains,1.0,78923.0,78923.0,Mrs Okeke
TXN0559,2024/01/15,Bodija,Oyo,Beans Brown,Grains,,3650.0,, Mr Ade
TXN0560,03/01/2024,Ogbete,Enugu,Garri white,Grains,10.0,5820.0,58200.0, Mr Ade
TXN0561,2024-01-27,Ogbete,Enugu,Beans Brown,Grains,5.0,,,Mrs Okeke
TXN0562,16/01/2024,Ogbete,Enugu,Palm Oil 25l,Oil,,33568.0,,Mrs Okeke
TXN0563,2024-01-01,Balogun,Lagos,Palm Oil 25L,Oil,5.0,38890.0,194450.0, Mr Ade
TXN0564,21/01/2024,Bodija,Oyo,Palm Oil 25L,Oil,2.0,35337.0,70674.0, Mama Ngozi
TXN0565,2024/01/26,Ogbete,Enugu,Rice 50KG,Grains,10.0,79962.0,799620.0,Mrs Okeke
TXN0566,2024-01-06,Ogbete,Enugu,Garri White,Grains,10.0,3040.0,30400.0, Mr Ade
TXN0567,2024/01/01,Bodija,Oyo,Garri White,Grains,,5530.0,,Alhaji Musa
TXN0568,2024-01-15,Wuse,Abuja,Rice 50KG,Grains,5.0,80205.0,401025.0,Alhaji Musa
TXN0569,10/01/2024,Wuse,Abuja,Rice 50kg,Grains,10.0,77779.0,777790.0,Mrs Okeke
TXN0570,31/01/2024,Bodija,Oyo,Rice 50kg,Grains,5.0,76657.0,383285.0, Mr Ade
TXN0571,2024-01-09,Balogun,Lagos,Palm Oil 25l,Oil,2.0,35074.0,70148.0,Alhaji Musa
TXN0572,2024/01/02,Wuse,Abuja,Palm Oil 25L,Oil,10.0,36024.0,360240.0,Alhaji Musa
TXN0573,2024-01-06,Wuse,Abuja,Palm Oil 25l,Oil,10.0,36056.0,360560.0,Alhaji Musa
TXN0574,2024-01-02,Ogbete,Enugu,Palm Oil 25l,Oil,5.0,35127.0,175635.0,Alhaji Musa
TXN0575,09/01/2024,Wuse,Abuja,Palm Oil 25L,Oil,5.0,34123.0,170615.0, Mama Ngozi
TXN0576,2024-01-05,Balogun,Lagos,Rice 50kg,Grains,,79893.0,, Mama Ngozi
TXN0577,2024-01-25,Wuse,Abuja,Palm Oil 25l,Oil,1.0,36272.0,36272.0,Mrs Okeke
TXN0578,18/01/2024,Wuse,Abuja,Rice 50KG,Grains,2.0,81996.0,163992.0, Mr Ade
TXN0579,09/01/2024,Wuse,Abuja,Rice 50kg,Grains,10.0,78934.0,789340.0, Mr Ade
TXN0580,12/01/2024,Ogbete,Enugu,Palm Oil 25l,Oil,2.0,38142.0,76284.0,Mrs Okeke
TXN0581,27/01/2024,Wuse,Abuja,Rice 50KG,Grains,,79269.0,, Mr Ade
TXN0582,2024-01-12,Balogun,Lagos,Palm Oil 25L,Oil,2.0,34153.0,68306.0,Mrs Okeke
TXN0583,2024/01/25,Balogun,Lagos,Palm Oil 25L,Oil,2.0,38293.0,76586.0,Mrs Okeke
TXN0584,,Ogbete,Enugu,Palm Oil 25L,Oil,5.0,34904.0,174520.0, Mama Ngozi
TXN0585,,Wuse,Abuja,Rice 50kg,Grains,2.0,76876.0,153752.0, Mr Ade
TXN0586,,Bodija,Oyo,Garri White,Grains,1.0,4501.0,4501.0, Mama Ngozi
TXN0587,24/01/2024,Bodija,Oyo,Rice 50KG,Grains,10.0,78497.0,784970.0,Mrs Okeke
TXN0588,2024-01-27,Balogun,Lagos,Garri White,Grains,,1833.0,,Alhaji Musa
TXN0589,2024/01/17,Balogun,Lagos,Beans brown,Grains,,5456.0,, Mama Ngozi
TXN0590,2024-01-23,Bodija,Oyo,Rice 50KG,Grains,,80932.0,, Mama Ngozi
TXN0591,18/01/2024,Wuse,Abuja,Palm Oil 25L,Oil,,36764.0,,Mrs Okeke
TXN0592,14/01/2024,Ogbete,Enugu,Garri white,Grains,5.0,4777.0,23885.0, Mama Ngozi
TXN0593,15/01/2024,Wuse,Abuja,Palm Oil 25L,Oil,,36081.0,,Alhaji Musa
TXN0594,29/01/2024,Balogun,Lagos,Garri White,Grains,,1633.0,, Mama Ngozi
TXN0595,2024/01/17,Wuse,Abuja,Garri white,Grains,1.0,3660.0,3660.0, Mama Ngozi
TXN0596,2024/01/09,Balogun,Lagos,Rice 50kg,Grains,10.0,78913.0,789130.0, Mama Ngozi
TXN0597,2024/01/19,Wuse,Abuja,Garri White,Grains,5.0,2252.0,11260.0,Alhaji Musa
TXN0598,2024-01-23,Ogbete,Enugu,Palm Oil 25l,Oil,2.0,37499.0,74998.0,Mrs Okeke
TXN0599,11/01/2024,Balogun,Lagos,Palm Oil 25L,Oil,1.0,34458.0,34458.0, Mr Ade
TXN0600,21/01/2024,Balogun,Lagos,Beans brown,Grains,,2393.0,,Alhaji Musa
TXN0601,,Ogbete,Enugu,Beans Brown,Grains,5.0,6315.0,31575.0, Mr Ade
TXN0602,13/01/2024,Bodija,Oyo,Rice 50KG,Grains,2.0,81538.0,163076.0,Alhaji Musa
TXN0603,2024/01/13,Bodija,Oyo,Rice 50kg,Grains,,79270.0,, Mama Ngozi
TXN0604,2024/01/21,Wuse,Abuja,Palm Oil 25l,Oil,,35122.0,, Mama Ngozi
TXN0605,2024-01-30,Wuse,Abuja,Rice 50KG,Grains,5.0,81523.0,407615.0, Mr Ade
TXN0606,20/01/2024,Bodija,Oyo,Garri white,Grains,5.0,2960.0,14800.0, Mama Ngozi
TXN0607,2024-01-30,Ogbete,Enugu,Palm Oil 25l,Oil,,34694.0,,Mrs Okeke
TXN0608,20/01/2024,Wuse,Abuja,Rice 50KG,Grains,1.0,78446.0,78446.0,Alhaji Musa
TXN0609,2024/01/11,Ogbete,Enugu,Rice 50KG,Grains,5.0,81686.0,408430.0, Mama Ngozi
TXN0610,2024/01/05,Wuse,Abuja,Garri White,Grains,,5456.0,,Alhaji Musa
TXN0611,2024/01/07,Bodija,Oyo,Rice 50kg,Grains,5.0,,,Mrs Okeke
TXN0612,2024/01/09,Balogun,Lagos,Palm Oil 25l,Oil,1.0,34045.0,34045.0,Mrs Okeke
TXN0613,2024/01/13,Balogun,Lagos,Rice 50kg,Grains,5.0,79166.0,395830.0,Alhaji Musa
TXN0614,07/01/2024,Ogbete,Enugu,Palm Oil 25l,Oil,,37854.0,,Alhaji Musa
TXN0615,2024-01-13,Balogun,Lagos,Beans brown,Grains,,4797.0,,Mrs Okeke
TXN0616,2024-01-17,Ogbete,Enugu,Garri white,Grains,5.0,3334.0,16670.0,Mrs Okeke
TXN0617,2024/01/11,Bodija,Oyo,Rice 50kg,Grains,,78295.0,, Mama Ngozi
TXN0618,19/01/2024,Balogun,Lagos,Palm Oil 25L,Oil,,35863.0,,Mrs Okeke
TXN0619,2024-01-22,Bodija,Oyo,Beans Brown,Grains,2.0,3335.0,6670.0,Mrs Okeke
TXN0620,,Wuse,Abuja,Palm Oil 25L,Oil,2.0,38627.0,77254.0,Alhaji Musa
TXN0621,29/01/2024,Wuse,Abuja,Garri white,Grains,2.0,1641.0,3282.0,Mrs Okeke
TXN0622,,Bodija,Oyo,Garri White,Grains,2.0,3039.0,6078.0,Mrs Okeke
TXN0623,2024-01-23,Wuse,Abuja,Beans brown,Grains,2.0,2513.0,5026.0, Mr Ade
TXN0624,2024-01-06,Ogbete,Enugu,Beans Brown,Grains,10.0,6225.0,62250.0, Mr Ade
TXN0625,2024-01-07,Balogun,Lagos,Garri White,Grains,10.0,3323.0,33230.0, Mama Ngozi
TXN0626,2024-01-14,Bodija,Oyo,Palm Oil 25l,Oil,5.0,37248.0,186240.0, Mr Ade
TXN0627,2024/01/17,Ogbete,Enugu,Palm Oil 25L,Oil,,38685.0,,Alhaji Musa
TXN0628,08/01/2024,Balogun,Lagos,Palm Oil 25l,Oil,10.0,33847.0,338470.0,Alhaji Musa
TXN0629,29/01/2024,Bodija,Oyo,Rice 50kg,Grains,2.0,78385.0,156770.0, Mr Ade
TXN0630,2024/01/29,Wuse,Abuja,Palm Oil 25L,Oil,5.0,34446.0,172230.0, Mr Ade
TXN0631,23/01/2024,Balogun,Lagos,Rice 50KG,Grains,2.0,82795.0,165590.0, Mr Ade
TXN0632,2024-01-29,Ogbete,Enugu,Palm Oil 25l,Oil,1.0,34965.0,34965.0, Mr Ade
TXN0633,,Balogun,Lagos,Garri White,Grains,5.0,2843.0,14215.0, Mr Ade
TXN0634,2024-01-17,Ogbete,Enugu,Rice 50KG,Grains,,81146.0,, Mr Ade
TXN0635,2024-01-22,Bodija,Oyo,Rice 50kg,Grains,2.0,78745.0,157490.0, Mama Ngozi
TXN0636,25/01/2024,Wuse,Abuja,Rice 50kg,Grains,10.0,78523.0,785230.0, Mama Ngozi
TXN0637,,Balogun,Lagos,Beans Brown,Grains,2.0,2228.0,4456.0, Mr Ade
TXN0638,19/01/2024,Bodija,Oyo,Rice 50kg,Grains,,80042.0,, Mr Ade
TXN0639,2024/01/29,Bodija,Oyo,Rice 50KG,Grains,,,, Mama Ngozi
TXN0640,2024-01-02,Balogun,Lagos,Beans Brown,Grains,2.0,2651.0,5302.0,Mrs Okeke
TXN0641,06/01/2024,Ogbete,Enugu,Rice 50KG,Grains,1.0,78892.0,78892.0, Mama Ngozi
TXN0642,11/01/2024,Bodija,Oyo,Garri white,Grains,1.0,2162.0,2162.0,Alhaji Musa
TXN0643,23/01/2024,Bodija,Oyo,Rice 50KG,Grains,5.0,81856.0,409280.0, Mr Ade
TXN0644,2024/01/24,Wuse,Abuja,Beans brown,Grains,,2776.0,,Alhaji Musa
TXN0645,2024/01/09,Bodija,Oyo,Garri White,Grains,10.0,6487.0,64870.0,Mrs Okeke
TXN0646,2024-01-06,Wuse,Abuja,Palm Oil 25l,Oil,,37577.0,,Mrs Okeke
TXN0647,2024-01-26,Wuse,Abuja,Rice 50kg,Grains,1.0,76196.0,76196.0, Mr Ade
TXN0648,2024/01/21,Bodija,Oyo,Rice 50kg,Grains,5.0,78864.0,394320.0, Mama Ngozi
TXN0649,2024-01-18,Ogbete,Enugu,Garri White,Grains,1.0,4021.0,4021.0,Alhaji Musa
TXN0650,2024-01-01,Ogbete,Enugu,Garri white,Grains,10.0,6060.0,60600.0,Mrs Okeke
TXN0651,16/01/2024,Ogbete,Enugu,Palm Oil 25l,Oil,10.0,33791.0,337910.0,Mrs Okeke
TXN0652,2024/01/24,Bodija,Oyo,Palm Oil 25L,Oil,1.0,38268.0,38268.0,Alhaji Musa
TXN0653,09/01/2024,Wuse,Abuja,Garri white,Grains,5.0,1942.0,9710.0, Mr Ade
TXN0654,2024/01/26,Wuse,Abuja,Palm Oil 25L,Oil,2.0,38875.0,77750.0,Mrs Okeke
TXN0655,08/01/2024,Balogun,Lagos,Garri White,Grains,10.0,2211.0,22110.0, Mama Ngozi
TXN0656,2024-01-25,Ogbete,Enugu,Beans Brown,Grains,1.0,5265.0,5265.0, Mr Ade
TXN0657,2024/01/30,Balogun,Lagos,Palm Oil 25l,Oil,,34762.0,,Mrs Okeke
TXN0658,2024-01-05,Ogbete,Enugu,Beans Brown,Grains,1.0,6428.0,6428.0, Mr Ade
TXN0659,2024-01-22,Bodija,Oyo,Rice 50KG,Grains,1.0,80547.0,80547.0,Mrs Okeke
TXN0660,2024/01/24,Bodija,Oyo,Rice 50kg,Grains,1.0,80264.0,80264.0,Mrs Okeke
TXN0661,18/01/2024,Wuse,Abuja,Garri white,Grains,2.0,2977.0,5954.0,Alhaji Musa
TXN0662,2024/01/31,Ogbete,Enugu,Beans Brown,Grains,2.0,4441.0,8882.0,Alhaji Musa
TXN0663,31/01/2024,Wuse,Abuja,Garri white,Grains,,4009.0,, Mama Ngozi
TXN0664,02/01/2024,Wuse,Abuja,Rice 50KG,Grains,5.0,80774.0,403870.0,Alhaji Musa
TXN0665,2024/01/06,Balogun,Lagos,Palm Oil 25L,Oil,1.0,34705.0,34705.0, Mr Ade
TXN0666,2024-01-22,Ogbete,Enugu,Garri White,Grains,5.0,3123.0,15615.0, Mr Ade
TXN0667,22/01/2024,Wuse,Abuja,Rice 50KG,Grains,10.0,78796.0,787960.0, Mr Ade
TXN0668,2024/01/13,Wuse,Abuja,Beans brown,Grains,2.0,4413.0,8826.0,Mrs Okeke
TXN0669,04/01/2024,Ogbete,Enugu,Palm Oil 25l,Oil,10.0,,, Mama Ngozi
TXN0670,2024/01/04,Ogbete,Enugu,Garri white,Grains,,6107.0,,Alhaji Musa
TXN0671,2024/01/19,Ogbete,Enugu,Rice 50KG,Grains,5.0,82364.0,411820.0, Mama Ngozi
TXN0672,27/01/2024,Wuse,Abuja,Palm Oil 25l,Oil,10.0,34041.0,340410.0, Mr Ade
TXN0673,23/01/2024,Ogbete,Enugu,Beans brown,Grains,2.0,2938.0,5876.0,Alhaji Musa
TXN0674,06/01/2024,Bodija,Oyo,Garri white,Grains,,2199.0,,Alhaji Musa
TXN0675,,Balogun,Lagos,Palm Oil 25L,Oil,5.0,38049.0,190245.0, Mama Ngozi
TXN0676,13/01/2024,Balogun,Lagos,Beans Brown,Grains,2.0,5910.0,11820.0, Mama Ngozi
TXN0677,22/01/2024,Wuse,Abuja,Garri white,Grains,5.0,6071.0,30355.0,Mrs Okeke
TXN0678,2024-01-05,Balogun,Lagos,Rice 50kg,Grains,,80181.0,,Mrs Okeke
TXN0679,2024-01-10,Balogun,Lagos,Rice 50kg,Grains,,78942.0,, Mr Ade
TXN0680,2024-01-18,Bodija,Oyo,Garri white,Grains,10.0,4726.0,47260.0, Mr Ade
TXN0681,2024-01-12,Wuse,Abuja,Beans brown,Grains,,5450.0,,Mrs Okeke
TXN0682,05/01/2024,Wuse,Abuja,Beans Brown,Grains,1.0,2787.0,2787.0, Mr Ade
TXN0683,2024/01/29,Wuse,Abuja,Rice 50KG,Grains,2.0,81406.0,162812.0, Mr Ade
TXN0684,2024-01-15,Wuse,Abuja,Palm Oil 25l,Oil,,36974.0,, Mama Ngozi
TXN0685,08/01/2024,Bodija,Oyo,Rice 50kg,Grains,,80080.0,, Mr Ade
TXN0686,12/01/2024,Ogbete,Enugu,Rice 50kg,Grains,1.0,80654.0,80654.0,Alhaji Musa
TXN0687,2024-01-29,Wuse,Abuja,Garri White,Grains,10.0,,, Mr Ade
TXN0688,18/01/2024,Balogun,Lagos,Garri White,Grains,,1932.0,, Mr Ade
TXN0689,2024-01-26,Bodija,Oyo,Garri white,Grains,10.0,4291.0,42910.0,Alhaji Musa
TXN0690,,Ogbete,Enugu,Garri White,Grains,1.0,5376.0,5376.0,Mrs Okeke
TXN0691,03/01/2024,Balogun,Lagos,Garri White,Grains,10.0,2175.0,21750.0,Mrs Okeke
TXN0692,2024/01/04,Wuse,Abuja,Garri White,Grains,5.0,,, Mama Ngozi
TXN0693,2024/01/08,Bodija,Oyo,Garri white,Grains,2.0,3540.0,7080.0,Alhaji Musa
TXN0694,05/01/2024,Ogbete,Enugu,Rice 50KG,Grains,2.0,82878.0,165756.0, Mr Ade
TXN0695,2024/01/27,Wuse,Abuja,Palm Oil 25l,Oil,2.0,35227.0,70454.0,Mrs Okeke
TXN0696,2024/01/10,Balogun,Lagos,Rice 50kg,Grains,2.0,79801.0,159602.0, Mama Ngozi
TXN0697,28/01/2024,Bodija,Oyo,Palm Oil 25L,Oil,10.0,36151.0,361510.0, Mr Ade
TXN0698,18/01/2024,Bodija,Oyo,Garri white,Grains,,1736.0,,Mrs Okeke
TXN0699,2024/01/19,Ogbete,Enugu,Garri White,Grains,5.0,2305.0,11525.0, Mama Ngozi
TXN0700,,Wuse,Abuja,Garri white,Grains,2.0,3966.0,7932.0,Alhaji Musa
TXN0701,2024/01/15,Balogun,Lagos,Palm Oil 25L,Oil,1.0,38302.0,38302.0,Mrs Okeke
TXN0702,2024/01/02,Ogbete,Enugu,Beans brown,Grains,1.0,2494.0,2494.0, Mama Ngozi
TXN0703,2024/01/22,Balogun,Lagos,Rice 50KG,Grains,1.0,82953.0,82953.0, Mama Ngozi
TXN0704,,Balogun,Lagos,Beans Brown,Grains,5.0,4613.0,23065.0, Mr Ade
TXN0705,2024-01-03,Ogbete,Enugu,Palm Oil 25L,Oil,5.0,36108.0,180540.0, Mr Ade
TXN0706,2024-01-09,Bodija,Oyo,Garri white,Grains,1.0,3515.0,3515.0, Mr Ade
TXN0707,2024-01-18,Wuse,Abuja,Palm Oil 25L,Oil,2.0,38030.0,76060.0,Alhaji Musa
TXN0708,19/01/2024,Bodija,Oyo,Garri White,Grains,1.0,,,Alhaji Musa
TXN0709,09/01/2024,Bodija,Oyo,Beans Brown,Grains,1.0,2509.0,2509.0, Mr Ade
TXN0710,2024-01-24,Balogun,Lagos,Palm Oil 25l,Oil,10.0,37072.0,370720.0, Mama Ngozi
TXN0711,30/01/2024,Balogun,Lagos,Palm Oil 25L,Oil,10.0,34992.0,349920.0,Mrs Okeke
TXN0712,31/01/2024,Bodija,Oyo,Rice 50kg,Grains,1.0,78992.0,78992.0,Mrs Okeke
TXN0713,2024/01/22,Wuse,Abuja,Beans Brown,Grains,,2522.0,, Mr Ade
TXN0714,2024-01-15,Balogun,Lagos,Garri white,Grains,10.0,2095.0,20950.0,Alhaji Musa
TXN0715,2024/01/03,Wuse,Abuja,Rice 50kg,Grains,,77953.0,,Mrs Okeke
TXN0716,2024-01-11,Bodija,Oyo,Palm Oil 25l,Oil,1.0,33803.0,33803.0, Mr Ade
TXN0717,2024-01-28,Balogun,Lagos,Beans brown,Grains,,6054.0,, Mama Ngozi
TXN0718,2024/01/16,Balogun,Lagos,Rice 50kg,Grains,2.0,80005.0,160010.0,Alhaji Musa
TXN0719,2024-01-29,Wuse,Abuja,Beans Brown,Grains,1.0,3611.0,3611.0, Mr Ade
TXN0720,2024-01-26,Wuse,Abuja,Rice 50KG,Grains,1.0,78935.0,78935.0, Mama Ngozi
TXN0721,2024-01-22,Bodija,Oyo,Garri white,Grains,10.0,4056.0,40560.0,Mrs Okeke
TXN0722,04/01/2024,Wuse,Abuja,Rice 50kg,Grains,,77420.0,, Mama Ngozi
TXN0723,2024/01/02,Ogbete,Enugu,Beans Brown,Grains,10.0,4195.0,41950.0, Mr Ade
TXN0724,2024/01/06,Wuse,Abuja,Rice 50kg,Grains,10.0,,,Mrs Okeke
TXN0725,09/01/2024,Bodija,Oyo,Palm Oil 25l,Oil,2.0,35188.0,70376.0, Mama Ngozi
TXN0726,2024/01/20,Wuse,Abuja,Rice 50kg,Grains,,77474.0,,Mrs Okeke
TXN0727,2024-01-04,Ogbete,Enugu,Palm Oil 25L,Oil,1.0,38568.0,38568.0,Mrs Okeke
TXN0728,2024/01/04,Wuse,Abuja,Palm Oil 25l,Oil,2.0,,, Mr Ade
TXN0729,12/01/2024,Bodija,Oyo,Beans Brown,Grains,2.0,,,Mrs Okeke
TXN0730,2024-01-30,Ogbete,Enugu,Palm Oil 25l,Oil,1.0,34355.0,34355.0,Alhaji Musa
TXN0731,19/01/2024,Bodija,Oyo,Rice 50KG,Grains,1.0,79927.0,79927.0, Mama Ngozi
TXN0732,2024-01-08,Ogbete,Enugu,Beans brown,Grains,1.0,4971.0,4971.0, Mr Ade
TXN0733,2024-01-29,Wuse,Abuja,Rice 50KG,Grains,10.0,82793.0,827930.0, Mr Ade
TXN0734,07/01/2024,Wuse,Abuja,Palm Oil 25L,Oil,5.0,35117.0,175585.0, Mama Ngozi
TXN0735,05/01/2024,Ogbete,Enugu,Beans Brown,Grains,1.0,,, Mr Ade
TXN0736,2024/01/20,Bodija,Oyo,Beans Brown,Grains,5.0,4001.0,20005.0, Mama Ngozi
TXN0737,07/01/2024,Wuse,Abuja,Rice 50KG,Grains,10.0,82274.0,822740.0,Mrs Okeke
TXN0738,2024/01/19,Balogun,Lagos,Palm Oil 25L,Oil,2.0,36030.0,72060.0, Mama Ngozi
TXN0739,2024-01-24,Balogun,Lagos,Palm Oil 25L,Oil,1.0,34328.0,34328.0, Mr Ade
TXN0740,2024-01-03,Bodija,Oyo,Palm Oil 25l,Oil,1.0,37206.0,37206.0, Mr Ade
TXN0741,,Wuse,Abuja,Beans Brown,Grains,5.0,4623.0,23115.0,Mrs Okeke
TXN0742,2024-01-15,Wuse,Abuja,Palm Oil 25l,Oil,,,, Mr Ade
TXN0743,2024/01/03,Wuse,Abuja,Garri white,Grains,10.0,1411.0,14110.0,Mrs Okeke
TXN0744,2024-01-20,Balogun,Lagos,Garri White,Grains,10.0,3710.0,37100.0,Alhaji Musa
TXN0745,04/01/2024,Ogbete,Enugu,Rice 50kg,Grains,,78981.0,,Alhaji Musa
TXN0746,2024-01-18,Ogbete,Enugu,Garri white,Grains,2.0,5977.0,11954.0, Mama Ngozi
TXN0747,2024/01/24,Ogbete,Enugu,Beans brown,Grains,,3230.0,, Mama Ngozi
TXN0748,2024-01-14,Wuse,Abuja,Garri white,Grains,5.0,3590.0,17950.0,Mrs Okeke
TXN0749,2024/01/04,Ogbete,Enugu,Palm Oil 25l,Oil,10.0,37607.0,376070.0,Mrs Okeke
TXN0750,,Bodija,Oyo,Garri white,Grains,1.0,2942.0,2942.0, Mr Ade
TXN0751,04/01/2024,Wuse,Abuja,Garri White,Grains,1.0,2395.0,2395.0, Mama Ngozi
TXN0752,18/01/2024,Wuse,Abuja,Rice 50kg,Grains,5.0,79412.0,397060.0,Mrs Okeke
TXN0753,2024-01-01,Bodija,Oyo,Palm Oil 25l,Oil,1.0,35888.0,35888.0,Mrs Okeke
TXN0754,2024/01/23,Bodija,Oyo,Garri white,Grains,5.0,5382.0,26910.0, Mr Ade
TXN0755,10/01/2024,Bodija,Oyo,Garri White,Grains,,2580.0,, Mama Ngozi
TXN0756,2024-01-10,Bodija,Oyo,Garri white,Grains,5.0,1787.0,8935.0, Mama Ngozi
TXN0757,,Ogbete,Enugu,Beans Brown,Grains,2.0,3457.0,6914.0,Mrs Okeke
TXN0758,2024/01/18,Wuse,Abuja,Palm Oil 25l,Oil,5.0,36528.0,182640.0,Mrs Okeke
TXN0759,2024-01-06,Ogbete,Enugu,Beans Brown,Grains,5.0,5873.0,29365.0,Alhaji Musa
TXN0760,,Bodija,Oyo,Palm Oil 25l,Oil,2.0,37252.0,74504.0,Mrs Okeke
TXN0761,26/01/2024,Ogbete,Enugu,Palm Oil 25l,Oil,5.0,38199.0,190995.0,Mrs Okeke
TXN0762,04/01/2024,Balogun,Lagos,Palm Oil 25l,Oil,1.0,34642.0,34642.0, Mama Ngozi
TXN0763,2024/01/21,Bodija,Oyo,Garri white,Grains,1.0,,, Mama Ngozi
TXN0764,2024-01-15,Ogbete,Enugu,Beans brown,Grains,1.0,2984.0,2984.0, Mr Ade
TXN0765,,Wuse,Abuja,Palm Oil 25l,Oil,5.0,38441.0,192205.0,Mrs Okeke
TXN0766,01/01/2024,Bodija,Oyo,Beans Brown,Grains,10.0,5228.0,52280.0,Mrs Okeke
TXN0767,14/01/2024,Bodija,Oyo,Rice 50KG,Grains,2.0,81639.0,163278.0, Mama Ngozi
TXN0768,05/01/2024,Bodija,Oyo,Palm Oil 25L,Oil,2.0,38810.0,77620.0,Mrs Okeke
TXN0769,2024-01-30,Balogun,Lagos,Palm Oil 25L,Oil,1.0,34054.0,34054.0, Mr Ade
TXN0770,,Wuse,Abuja,Beans brown,Grains,2.0,5427.0,10854.0,Mrs Okeke
TXN0771,,Ogbete,Enugu,Palm Oil 25l,Oil,,37296.0,,Mrs Okeke
TXN0772,2024/01/16,Ogbete,Enugu,Palm Oil 25l,Oil,1.0,35856.0,35856.0, Mama Ngozi
TXN0773,03/01/2024,Balogun,Lagos,Rice 50KG,Grains,5.0,82039.0,410195.0, Mr Ade
TXN0774,24/01/2024,Bodija,Oyo,Garri White,Grains,10.0,2479.0,24790.0, Mama Ngozi
TXN0775,2024-01-05,Balogun,Lagos,Beans Brown,Grains,5.0,5976.0,29880.0,Mrs Okeke
TXN0776,2024-01-17,Ogbete,Enugu,Palm Oil 25L,Oil,5.0,34399.0,171995.0, Mama Ngozi
TXN0777,2024/01/28,Wuse,Abuja,Rice 50KG,Grains,,79369.0,,Mrs Okeke
TXN0778,2024-01-27,Ogbete,Enugu,Garri white,Grains,1.0,5777.0,5777.0,Mrs Okeke
TXN0779,2024-01-06,Ogbete,Enugu,Palm Oil 25l,Oil,10.0,36287.0,362870.0, Mama Ngozi
TXN0780,2024-01-04,Wuse,Abuja,Rice 50KG,Grains,10.0,81772.0,817720.0, Mr Ade
TXN0781,2024/01/29,Ogbete,Enugu,Garri White,Grains,5.0,2638.0,13190.0,Mrs Okeke
TXN0782,2024/01/28,Wuse,Abuja,Garri White,Grains,1.0,2471.0,2471.0, Mama Ngozi
TXN0783,2024-01-14,Ogbete,Enugu,Beans Brown,Grains,2.0,3266.0,6532.0,Alhaji Musa
TXN0784,2024/01/02,Balogun,Lagos,Palm Oil 25l,Oil,10.0,33848.0,338480.0,Alhaji Musa
TXN0785,,Bodija,Oyo,Rice 50KG,Grains,5.0,,,Alhaji Musa
TXN0786,,Balogun,Lagos,Beans brown,Grains,,3938.0,, Mama Ngozi
TXN0787,2024-01-25,Ogbete,Enugu,Garri white,Grains,5.0,2715.0,13575.0,Alhaji Musa
TXN0788,2024/01/31,Balogun,Lagos,Rice 50kg,Grains,,77777.0,,Alhaji Musa
TXN0789,2024/01/19,Balogun,Lagos,Beans brown,Grains,,6188.0,,Alhaji Musa
TXN0790,08/01/2024,Wuse,Abuja,Garri white,Grains,10.0,4874.0,48740.0,Alhaji Musa
TXN0791,2024/01/12,Bodija,Oyo,Rice 50KG,Grains,,79113.0,,Alhaji Musa
TXN0792,15/01/2024,Balogun,Lagos,Garri white,Grains,10.0,2347.0,23470.0, Mr Ade
TXN0793,03/01/2024,Wuse,Abuja,Palm Oil 25L,Oil,5.0,37505.0,187525.0,Mrs Okeke
TXN0794,2024-01-17,Wuse,Abuja,Rice 50kg,Grains,10.0,76861.0,768610.0,Alhaji Musa
TXN0795,2024-01-24,Wuse,Abuja,Palm Oil 25L,Oil,10.0,38837.0,388370.0,Alhaji Musa
TXN0796,13/01/2024,Ogbete,Enugu,Beans brown,Grains,5.0,3940.0,19700.0, Mr Ade
TXN0797,20/01/2024,Ogbete,Enugu,Garri White,Grains,10.0,4417.0,44170.0,Mrs Okeke
TXN0798,2024-01-16,Wuse,Abuja,Palm Oil 25l,Oil,1.0,34500.0,34500.0,Alhaji Musa
TXN0799,2024/01/06,Balogun,Lagos,Rice 50kg,Grains,1.0,80080.0,80080.0,Mrs Okeke
TXN0800,22/01/2024,Wuse,Abuja,Garri White,Grains,,2289.0,, Mr Ade
TXN0801,2024/01/18,Wuse,Abuja,Garri White,Grains,10.0,5516.0,55160.0,Alhaji Musa
TXN0802,28/01/2024,Balogun,Lagos,Palm Oil 25L,Oil,1.0,37142.0,37142.0,Alhaji Musa
TXN0803,2024-01-06,Balogun,Lagos,Beans Brown,Grains,,4682.0,,Mrs Okeke
TXN0804,2024/01/22,Bodija,Oyo,Palm Oil 25l,Oil,1.0,38160.0,38160.0, Mr Ade
TXN0805,16/01/2024,Bodija,Oyo,Beans Brown,Grains,,2656.0,,Mrs Okeke
TXN0806,05/01/2024,Ogbete,Enugu,Garri white,Grains,1.0,1630.0,1630.0,Alhaji Musa
TXN0807,2024-01-12,Ogbete,Enugu,Palm Oil 25L,Oil,1.0,37507.0,37507.0, Mama Ngozi
TXN0808,,Wuse,Abuja,Beans brown,Grains,5.0,7154.0,35770.0,Mrs Okeke
TXN0809,02/01/2024,Balogun,Lagos,Garri white,Grains,2.0,1561.0,3122.0, Mr Ade
TXN0810,11/01/2024,Ogbete,Enugu,Rice 50kg,Grains,10.0,,,Mrs Okeke
TXN0811,2024/01/17,Balogun,Lagos,Palm Oil 25l,Oil,1.0,35186.0,35186.0,Mrs Okeke
TXN0812,2024-01-21,Wuse,Abuja,Garri White,Grains,5.0,5071.0,25355.0, Mama Ngozi
TXN0813,2024/01/13,Ogbete,Enugu,Garri White,Grains,1.0,3935.0,3935.0,Alhaji Musa
TXN0814,2024-01-17,Balogun,Lagos,Garri white,Grains,5.0,1951.0,9755.0,Mrs Okeke
TXN0815,18/01/2024,Balogun,Lagos,Garri White,Grains,,3956.0,, Mr Ade
TXN0816,2024-01-21,Ogbete,Enugu,Palm Oil 25l,Oil,,34979.0,, Mr Ade
TXN0817,28/01/2024,Wuse,Abuja,Palm Oil 25l,Oil,5.0,37864.0,189320.0,Alhaji Musa
TXN0818,24/01/2024,Wuse,Abuja,Garri white,Grains,10.0,2610.0,26100.0, Mr Ade
TXN0819,2024/01/09,Bodija,Oyo,Garri white,Grains,1.0,3067.0,3067.0, Mama Ngozi
TXN0820,,Ogbete,Enugu,Beans brown,Grains,10.0,4253.0,42530.0,Mrs Okeke
TXN0821,,Bodija,Oyo,Palm Oil 25l,Oil,,37072.0,, Mama Ngozi
TXN0822,2024-01-09,Ogbete,Enugu,Beans Brown,Grains,1.0,4316.0,4316.0,Alhaji Musa
TXN0823,10/01/2024,Bodija,Oyo,Rice 50kg,Grains,1.0,76687.0,76687.0,Mrs Okeke
TXN0824,2024-01-24,Balogun,Lagos,Palm Oil 25L,Oil,2.0,35933.0,71866.0,Mrs Okeke
TXN0825,2024/01/26,Bodija,Oyo,Rice 50KG,Grains,2.0,82913.0,165826.0, Mr Ade
TXN0826,07/01/2024,Wuse,Abuja,Palm Oil 25L,Oil,2.0,35181.0,70362.0, Mr Ade
TXN0827,2024/01/31,Ogbete,Enugu,Rice 50kg,Grains,10.0,80370.0,803700.0, Mr Ade
TXN0828,23/01/2024,Bodija,Oyo,Beans brown,Grains,5.0,3487.0,17435.0,Alhaji Musa
TXN0829,2024/01/10,Balogun,Lagos,Rice 50kg,Grains,2.0,78072.0,156144.0,Mrs Okeke
TXN0830,31/01/2024,Balogun,Lagos,Beans brown,Grains,10.0,,,Mrs Okeke
TXN0831,2024/01/06,Balogun,Lagos,Beans brown,Grains,5.0,4023.0,20115.0,Mrs Okeke
TXN0832,2024/01/31,Bodija,Oyo,Rice 50kg,Grains,5.0,76656.0,383280.0, Mr Ade
TXN0833,,Ogbete,Enugu,Palm Oil 25L,Oil,1.0,35313.0,35313.0, Mr Ade
TXN0834,2024/01/06,Ogbete,Enugu,Palm Oil 25l,Oil,1.0,33926.0,33926.0, Mama Ngozi
TXN0835,2024-01-03,Balogun,Lagos,Palm Oil 25L,Oil,2.0,36503.0,73006.0, Mama Ngozi
TXN0836,2024/01/05,Bodija,Oyo,Garri white,Grains,10.0,5318.0,53180.0,Mrs Okeke
TXN0837,2024/01/13,Ogbete,Enugu,Beans brown,Grains,1.0,5695.0,5695.0, Mama Ngozi
TXN0838,2024/01/15,Balogun,Lagos,Rice 50kg,Grains,,77873.0,, Mama Ngozi
TXN0839,,Balogun,Lagos,Palm Oil 25L,Oil,,37513.0,,Mrs Okeke
TXN0840,2024/01/30,Wuse,Abuja,Rice 50KG,Grains,1.0,82307.0,82307.0, Mr Ade
TXN0841,27/01/2024,Balogun,Lagos,Beans brown,Grains,2.0,3860.0,7720.0, Mr Ade
TXN0842,2024/01/27,Bodija,Oyo,Beans Brown,Grains,10.0,3892.0,38920.0, Mama Ngozi
TXN0843,09/01/2024,Bodija,Oyo,Beans Brown,Grains,10.0,,, Mama Ngozi
TXN0844,2024/01/28,Ogbete,Enugu,Palm Oil 25l,Oil,1.0,33584.0,33584.0, Mr Ade
TXN0845,2024-01-04,Wuse,Abuja,Palm Oil 25L,Oil,10.0,38892.0,388920.0,Mrs Okeke
TXN0846,2024/01/31,Wuse,Abuja,Palm Oil 25l,Oil,5.0,38467.0,192335.0,Alhaji Musa
TXN0847,2024-01-13,Balogun,Lagos,Garri White,Grains,,4620.0,,Alhaji Musa
TXN0848,2024-01-11,Wuse,Abuja,Garri White,Grains,2.0,5626.0,11252.0,Alhaji Musa
TXN0849,02/01/2024,Ogbete,Enugu,Palm Oil 25L,Oil,2.0,36133.0,72266.0,Mrs Okeke
TXN0850,2024/01/25,Ogbete,Enugu,Palm Oil 25L,Oil,5.0,36156.0,180780.0,Mrs Okeke
TXN0851,2024/01/05,Bodija,Oyo,Beans Brown,Grains,5.0,6224.0,31120.0, Mr Ade
TXN0852,2024-01-02,Balogun,Lagos,Beans brown,Grains,2.0,2747.0,5494.0, Mr Ade
TXN0853,23/01/2024,Bodija,Oyo,Rice 50KG,Grains,10.0,78334.0,783340.0, Mr Ade
TXN0854,2024-01-28,Balogun,Lagos,Beans Brown,Grains,1.0,5063.0,5063.0,Mrs Okeke
TXN0855,,Wuse,Abuja,Rice 50kg,Grains,,80675.0,, Mr Ade
TXN0856,22/01/2024,Balogun,Lagos,Garri white,Grains,1.0,3728.0,3728.0,Alhaji Musa
TXN0857,23/01/2024,Ogbete,Enugu,Beans Brown,Grains,1.0,2864.0,2864.0,Mrs Okeke
TXN0858,2024/01/24,Balogun,Lagos,Garri white,Grains,1.0,5111.0,5111.0, Mama Ngozi
TXN0859,,Wuse,Abuja,Rice 50kg,Grains,5.0,78647.0,393235.0, Mr Ade
TXN0860,2024-01-25,Balogun,Lagos,Palm Oil 25L,Oil,5.0,35458.0,177290.0,Alhaji Musa
TXN0861,2024-01-25,Wuse,Abuja,Beans Brown,Grains,10.0,5496.0,54960.0,Alhaji Musa
TXN0862,2024/01/20,Ogbete,Enugu,Palm Oil 25l,Oil,10.0,36040.0,360400.0,Alhaji Musa
TXN0863,2024/01/16,Ogbete,Enugu,Beans brown,Grains,10.0,5949.0,59490.0, Mr Ade
TXN0864,,Balogun,Lagos,Palm Oil 25L,Oil,5.0,35526.0,177630.0,Mrs Okeke
TXN0865,21/01/2024,Bodija,Oyo,Beans brown,Grains,2.0,6357.0,12714.0, Mr Ade
TXN0866,05/01/2024,Bodija,Oyo,Rice 50KG,Grains,10.0,80460.0,804600.0, Mama Ngozi
TXN0867,,Bodija,Oyo,Garri White,Grains,,1890.0,,Alhaji Musa
TXN0868,19/01/2024,Bodija,Oyo,Palm Oil 25L,Oil,1.0,37806.0,37806.0,Mrs Okeke
TXN0869,2024-01-06,Balogun,Lagos,Rice 50kg,Grains,1.0,79791.0,79791.0,Alhaji Musa
TXN0870,2024/01/25,Bodija,Oyo,Garri White,Grains,5.0,6310.0,31550.0,Mrs Okeke
TXN0871,2024/01/20,Ogbete,Enugu,Beans Brown,Grains,2.0,,,Alhaji Musa
TXN0872,06/01/2024,Bodija,Oyo,Rice 50kg,Grains,1.0,79235.0,79235.0, Mr Ade
TXN0873,31/01/2024,Bodija,Oyo,Garri White,Grains,,4455.0,,Mrs Okeke
TXN0874,,Balogun,Lagos,Beans Brown,Grains,2.0,2313.0,4626.0, Mama Ngozi
TXN0875,2024/01/14,Balogun,Lagos,Beans brown,Grains,10.0,3489.0,34890.0, Mama Ngozi
TXN0876,2024-01-01,Balogun,Lagos,Garri White,Grains,10.0,2713.0,27130.0, Mr Ade
TXN0877,07/01/2024,Bodija,Oyo,Palm Oil 25l,Oil,1.0,37182.0,37182.0,Alhaji Musa
TXN0878,2024/01/28,Ogbete,Enugu,Rice 50kg,Grains,1.0,79537.0,79537.0,Mrs Okeke
TXN0879,2024/01/24,Balogun,Lagos,Palm Oil 25l,Oil,10.0,37482.0,374820.0, Mr Ade
TXN0880,11/01/2024,Wuse,Abuja,Rice 50kg,Grains,,76155.0,, Mr Ade
TXN0881,,Bodija,Oyo,Rice 50KG,Grains,10.0,80840.0,808400.0,Mrs Okeke
TXN0882,2024/01/08,Wuse,Abuja,Palm Oil 25l,Oil,5.0,37089.0,185445.0,Mrs Okeke
TXN0883,2024/01/27,Bodija,Oyo,Beans Brown,Grains,5.0,5397.0,26985.0,Mrs Okeke
TXN0884,,Bodija,Oyo,Beans Brown,Grains,,3897.0,, Mr Ade
TXN0885,04/01/2024,Wuse,Abuja,Beans Brown,Grains,2.0,3480.0,6960.0,Mrs Okeke
TXN0886,12/01/2024,Wuse,Abuja,Beans brown,Grains,,2685.0,, Mama Ngozi
TXN0887,2024/01/20,Wuse,Abuja,Rice 50kg,Grains,1.0,78766.0,78766.0, Mama Ngozi
TXN0888,25/01/2024,Bodija,Oyo,Garri White,Grains,5.0,4410.0,22050.0, Mama Ngozi
TXN0889,2024-01-25,Balogun,Lagos,Rice 50kg,Grains,10.0,79744.0,797440.0,Alhaji Musa
TXN0890,2024/01/30,Balogun,Lagos,Rice 50KG,Grains,2.0,78967.0,157934.0,Mrs Okeke
TXN0891,2024-01-11,Bodija,Oyo,Palm Oil 25l,Oil,1.0,34763.0,34763.0, Mama Ngozi
TXN0892,2024/01/16,Bodija,Oyo,Palm Oil 25L,Oil,1.0,36009.0,36009.0, Mama Ngozi
TXN0893,2024/01/22,Balogun,Lagos,Garri White,Grains,5.0,4899.0,24495.0, Mr Ade
TXN0894,2024/01/29,Wuse,Abuja,Beans Brown,Grains,10.0,5586.0,55860.0,Mrs Okeke
TXN0895,2024-01-17,Balogun,Lagos,Palm Oil 25l,Oil,2.0,33581.0,67162.0,Mrs Okeke
TXN0896,,Ogbete,Enugu,Palm Oil 25L,Oil,2.0,,, Mama Ngozi
TXN0897,23/01/2024,Balogun,Lagos,Garri White,Grains,10.0,4793.0,47930.0,Mrs Okeke
TXN0898,05/01/2024,Ogbete,Enugu,Rice 50kg,Grains,5.0,80323.0,401615.0, Mama Ngozi
TXN0899,,Bodija,Oyo,Garri white,Grains,10.0,3016.0,30160.0,Mrs Okeke
TXN0900,03/01/2024,Bodija,Oyo,Beans Brown,Grains,,6630.0,,Mrs Okeke
TXN0901,08/01/2024,Wuse,Abuja,Rice 50kg,Grains,1.0,80423.0,80423.0, Mr Ade
TXN0902,2024/01/12,Balogun,Lagos,Rice 50kg,Grains,5.0,78127.0,390635.0,Alhaji Musa
TXN0903,2024/01/08,Bodija,Oyo,Garri White,Grains,,1542.0,, Mama Ngozi
TXN0904,2024/01/23,Ogbete,Enugu,Garri White,Grains,5.0,6192.0,30960.0, Mama Ngozi
TXN0905,2024-01-25,Balogun,Lagos,Garri white,Grains,,6170.0,, Mama Ngozi
TXN0906,2024-01-29,Bodija,Oyo,Palm Oil 25L,Oil,1.0,,, Mr Ade
TXN0907,17/01/2024,Balogun,Lagos,Garri white,Grains,,4699.0,, Mr Ade
TXN0908,05/01/2024,Bodija,Oyo,Palm Oil 25l,Oil,10.0,36915.0,369150.0, Mr Ade
TXN0909,2024/01/24,Wuse,Abuja,Rice 50KG,Grains,2.0,81730.0,163460.0,Mrs Okeke
TXN0910,,Balogun,Lagos,Palm Oil 25L,Oil,1.0,34990.0,34990.0, Mama Ngozi
TXN0911,,Balogun,Lagos,Garri white,Grains,5.0,4467.0,22335.0, Mama Ngozi
TXN0912,2024/01/07,Wuse,Abuja,Palm Oil 25L,Oil,1.0,36499.0,36499.0, Mr Ade
TXN0913,2024/01/02,Balogun,Lagos,Rice 50KG,Grains,,,,Mrs Okeke
TXN0914,2024-01-27,Bodija,Oyo,Garri white,Grains,10.0,5293.0,52930.0, Mr Ade
TXN0915,20/01/2024,Bodija,Oyo,Palm Oil 25l,Oil,2.0,36164.0,72328.0, Mr Ade
TXN0916,2024/01/22,Wuse,Abuja,Palm Oil 25L,Oil,5.0,,,Mrs Okeke
TXN0917,2024/01/25,Balogun,Lagos,Beans Brown,Grains,1.0,6885.0,6885.0,Alhaji Musa
TXN0918,2024/01/02,Balogun,Lagos,Beans brown,Grains,,6738.0,, Mama Ngozi
TXN0919,2024-01-01,Bodija,Oyo,Rice 50kg,Grains,1.0,80356.0,80356.0, Mama Ngozi
TXN0920,,Bodija,Oyo,Rice 50KG,Grains,,82971.0,,Alhaji Musa
TXN0921,17/01/2024,Ogbete,Enugu,Palm Oil 25L,Oil,2.0,,,Alhaji Musa
TXN0922,2024-01-06,Balogun,Lagos,Rice 50KG,Grains,,79377.0,, Mama Ngozi
TXN0923,2024/01/11,Ogbete,Enugu,Palm Oil 25L,Oil,2.0,34482.0,68964.0,Alhaji Musa
TXN0924,29/01/2024,Ogbete,Enugu,Palm Oil 25L,Oil,1.0,36621.0,36621.0,Alhaji Musa
TXN0925,2024/01/16,Balogun,Lagos,Beans brown,Grains,2.0,7190.0,14380.0, Mr Ade
TXN0926,,Balogun,Lagos,Garri White,Grains,1.0,4107.0,4107.0,Alhaji Musa
TXN0927,2024-01-19,Bodija,Oyo,Beans brown,Grains,1.0,4504.0,4504.0, Mama Ngozi
TXN0928,2024-01-17,Ogbete,Enugu,Palm Oil 25L,Oil,10.0,34687.0,346870.0,Mrs Okeke
TXN0929,2024-01-18,Wuse,Abuja,Beans brown,Grains,,5771.0,, Mr Ade
TXN0930,16/01/2024,Ogbete,Enugu,Beans Brown,Grains,1.0,2692.0,2692.0, Mr Ade
TXN0931,2024/01/06,Ogbete,Enugu,Beans brown,Grains,,6480.0,,Alhaji Musa
TXN0932,24/01/2024,Ogbete,Enugu,Rice 50KG,Grains,10.0,79007.0,790070.0, Mr Ade
TXN0933,2024-01-23,Wuse,Abuja,Garri white,Grains,5.0,3541.0,17705.0,Mrs Okeke
TXN0934,2024/01/30,Ogbete,Enugu,Beans brown,Grains,10.0,7211.0,72110.0,Alhaji Musa
TXN0935,29/01/2024,Bodija,Oyo,Rice 50kg,Grains,1.0,77421.0,77421.0, Mr Ade
TXN0936,2024/01/27,Balogun,Lagos,Rice 50KG,Grains,,78253.0,,Alhaji Musa
TXN0937,2024/01/27,Ogbete,Enugu,Palm Oil 25L,Oil,,36932.0,,Alhaji Musa
TXN0938,08/01/2024,Balogun,Lagos,Palm Oil 25l,Oil,5.0,35080.0,175400.0,Mrs Okeke
TXN0939,08/01/2024,Wuse,Abuja,Rice 50KG,Grains,,80483.0,,Mrs Okeke
TXN0940,2024/01/07,Balogun,Lagos,Garri White,Grains,10.0,6464.0,64640.0, Mr Ade
TXN0941,2024/01/18,Balogun,Lagos,Garri White,Grains,,5598.0,, Mama Ngozi
TXN0942,2024/01/19,Balogun,Lagos,Beans Brown,Grains,1.0,3243.0,3243.0,Mrs Okeke
TXN0943,29/01/2024,Wuse,Abuja,Rice 50kg,Grains,,78071.0,,Alhaji Musa
TXN0944,17/01/2024,Ogbete,Enugu,Palm Oil 25L,Oil,10.0,36244.0,362440.0,Alhaji Musa
TXN0945,,Wuse,Abuja,Rice 50kg,Grains,5.0,79441.0,397205.0, Mama Ngozi
TXN0946,08/01/2024,Ogbete,Enugu,Rice 50KG,Grains,,78207.0,,Alhaji Musa
TXN0947,2024-01-21,Wuse,Abuja,Beans brown,Grains,2.0,4997.0,9994.0, Mr Ade
TXN0948,2024-01-08,Bodija,Oyo,Rice 50kg,Grains,,78738.0,,Mrs Okeke
TXN0949,25/01/2024,Balogun,Lagos,Garri white,Grains,,3339.0,,Alhaji Musa
TXN0950,2024/01/13,Bodija,Oyo,Rice 50KG,Grains,1.0,78497.0,78497.0,Alhaji Musa
TXN0951,2024-01-21,Wuse,Abuja,Rice 50kg,Grains,10.0,76448.0,764480.0,Alhaji Musa
TXN0952,2024/01/25,Balogun,Lagos,Garri White,Grains,10.0,4790.0,47900.0,Alhaji Musa
TXN0953,2024/01/20,Bodija,Oyo,Palm Oil 25L,Oil,10.0,37507.0,375070.0,Alhaji Musa
TXN0954,2024-01-01,Bodija,Oyo,Garri white,Grains,,2976.0,, Mama Ngozi
TXN0955,2024-01-20,Wuse,Abuja,Garri White,Grains,5.0,4948.0,24740.0, Mama Ngozi
TXN0956,17/01/2024,Balogun,Lagos,Rice 50kg,Grains,2.0,78553.0,157106.0,Mrs Okeke
TXN0957,2024-01-10,Wuse,Abuja,Beans Brown,Grains,10.0,4728.0,47280.0, Mama Ngozi
TXN0958,2024-01-14,Balogun,Lagos,Beans brown,Grains,,6883.0,, Mama Ngozi
TXN0959,15/01/2024,Balogun,Lagos,Garri white,Grains,2.0,5297.0,10594.0,Mrs Okeke
TXN0960,2024-01-29,Ogbete,Enugu,Palm Oil 25L,Oil,5.0,35329.0,176645.0, Mr Ade
TXN0961,2024/01/07,Wuse,Abuja,Rice 50kg,Grains,2.0,77886.0,155772.0,Mrs Okeke
TXN0962,2024-01-01,Bodija,Oyo,Beans brown,Grains,10.0,3809.0,38090.0,Mrs Okeke
TXN0963,21/01/2024,Balogun,Lagos,Rice 50KG,Grains,2.0,80380.0,160760.0,Alhaji Musa
TXN0964,2024-01-29,Balogun,Lagos,Beans brown,Grains,2.0,4627.0,9254.0,Mrs Okeke
TXN0965,2024-01-09,Wuse,Abuja,Beans Brown,Grains,2.0,2376.0,4752.0, Mama Ngozi
TXN0966,08/01/2024,Bodija,Oyo,Rice 50KG,Grains,5.0,79722.0,398610.0, Mama Ngozi
TXN0967,2024-01-05,Bodija,Oyo,Rice 50KG,Grains,1.0,79183.0,79183.0, Mr Ade
TXN0968,2024/01/08,Ogbete,Enugu,Garri white,Grains,,4918.0,, Mama Ngozi
TXN0969,2024-01-26,Ogbete,Enugu,Beans Brown,Grains,5.0,,, Mr Ade
TXN0970,2024/01/13,Wuse,Abuja,Rice 50KG,Grains,10.0,78531.0,785310.0,Mrs Okeke
TXN0971,2024/01/17,Bodija,Oyo,Palm Oil 25l,Oil,2.0,36136.0,72272.0, Mr Ade
TXN0972,2024-01-26,Bodija,Oyo,Garri White,Grains,,4784.0,, Mama Ngozi
TXN0973,10/01/2024,Wuse,Abuja,Beans brown,Grains,10.0,4220.0,42200.0, Mama Ngozi
TXN0974,2024/01/03,Ogbete,Enugu,Garri White,Grains,,2194.0,,Mrs Okeke
TXN0975,14/01/2024,Wuse,Abuja,Rice 50kg,Grains,10.0,80196.0,801960.0, Mr Ade
TXN0976,06/01/2024,Ogbete,Enugu,Palm Oil 25l,Oil,5.0,35736.0,178680.0,Alhaji Musa
TXN0977,,Ogbete,Enugu,Rice 50KG,Grains,5.0,82110.0,410550.0,Mrs Okeke
TXN0978,2024-01-18,Wuse,Abuja,Rice 50KG,Grains,1.0,78584.0,78584.0,Mrs Okeke
TXN0979,2024/01/05,Ogbete,Enugu,Garri White,Grains,5.0,3061.0,15305.0,Mrs Okeke
TXN0980,2024/01/13,Balogun,Lagos,Garri White,Grains,5.0,4339.0,21695.0,Alhaji Musa
TXN0981,2024-01-24,Bodija,Oyo,Beans Brown,Grains,10.0,4064.0,40640.0, Mr Ade
TXN0982,2024/01/14,Bodija,Oyo,Garri white,Grains,1.0,3964.0,3964.0, Mr Ade
TXN0983,2024-01-05,Wuse,Abuja,Palm Oil 25l,Oil,10.0,,,Mrs Okeke
TXN0984,14/01/2024,Balogun,Lagos,Palm Oil 25l,Oil,5.0,36283.0,181415.0,Mrs Okeke
TXN0985,05/01/2024,Ogbete,Enugu,Rice 50kg,Grains,,76263.0,, Mr Ade
TXN0986,07/01/2024,Bodija,Oyo,Beans brown,Grains,10.0,2821.0,28210.0, Mr Ade
TXN0987,,Ogbete,Enugu,Rice 50KG,Grains,2.0,78854.0,157708.0, Mr Ade
TXN0988,2024-01-13,Balogun,Lagos,Beans Brown,Grains,2.0,2769.0,5538.0,Mrs Okeke
TXN0989,06/01/2024,Balogun,Lagos,Palm Oil 25l,Oil,1.0,36519.0,36519.0, Mr Ade
TXN0990,,Wuse,Abuja,Rice 50KG,Grains,2.0,82394.0,164788.0, Mama Ngozi
TXN0991,2024/01/22,Wuse,Abuja,Beans brown,Grains,5.0,5840.0,29200.0,Mrs Okeke
TXN0992,05/01/2024,Wuse,Abuja,Palm Oil 25l,Oil,5.0,,, Mama Ngozi
TXN0993,,Ogbete,Enugu,Palm Oil 25l,Oil,10.0,37290.0,372900.0, Mr Ade
TXN0994,2024/01/06,Ogbete,Enugu,Garri White,Grains,10.0,2934.0,29340.0, Mr Ade
TXN0995,2024-01-23,Bodija,Oyo,Palm Oil 25L,Oil,2.0,38658.0,77316.0, Mama Ngozi
TXN0996,2024/01/14,Ogbete,Enugu,Garri White,Grains,1.0,3279.0,3279.0,Alhaji Musa
TXN0997,2024-01-11,Ogbete,Enugu,Rice 50KG,Grains,1.0,82132.0,82132.0,Mrs Okeke
TXN0998,23/01/2024,Wuse,Abuja,Rice 50kg,Grains,10.0,,, Mr Ade
TXN0999,2024-01-09,Ogbete,Enugu,Palm Oil 25L,Oil,2.0,,,Mrs Okeke
TXN1000,22/01/2024,Bodija,Oyo,Palm Oil 25l,Oil,10.0,34058.0,340580.0, Mama Ngozi
